Meldedatum,Einzug_KA_Salierweg,N,N_7d
2022-03-07,Nord,208,1355.0
2022-03-07,Süd,284,1665.0
2022-03-08,Nord,292,1647.0
2022-03-08,Süd,320,1985.0
2022-03-09,Nord,289,1780.0
2022-03-09,Süd,292,2067.0
2022-03-10,Nord,296,1857.0
2022-03-10,Süd,296,2143.0
2022-03-11,Nord,267,1826.0
2022-03-11,Süd,270,2055.0
2022-03-12,Nord,154,1709.0
2022-03-12,Süd,112,1842.0
2022-03-13,Nord,36,1561.0
2022-03-13,Süd,49,1663.0
2022-03-14,Nord,264,1806.0
2022-03-14,Süd,321,1944.0
2022-03-15,Nord,302,1900.0
2022-03-15,Süd,306,1966.0
2022-03-16,Nord,328,1936.0
2022-03-16,Süd,340,1986.0
2022-03-17,Nord,315,1962.0
2022-03-17,Süd,348,2042.0
2022-03-18,Nord,224,1890.0
2022-03-18,Süd,269,2015.0
2022-03-19,Nord,142,1765.0
2022-03-19,Süd,88,1833.0
2022-03-20,Nord,7,1618.0
2022-03-20,Süd,24,1745.0
2022-03-21,Nord,233,1815.0
2022-03-21,Süd,311,2007.0
2022-03-22,Nord,283,1834.0
2022-03-22,Süd,272,1958.0
2022-03-23,Nord,263,1795.0
2022-03-23,Süd,255,1907.0
2022-03-24,Nord,266,1733.0
2022-03-24,Süd,290,1857.0
2022-03-25,Nord,198,1616.0
2022-03-25,Süd,191,1700.0
2022-03-26,Nord,153,1545.0
2022-03-26,Süd,146,1577.0
2022-03-27,Nord,10,1413.0
2022-03-27,Süd,5,1494.0
2022-03-28,Nord,185,1591.0
2022-03-28,Süd,210,1680.0
2022-03-29,Nord,273,1631.0
2022-03-29,Süd,232,1601.0
2022-03-30,Nord,182,1530.0
2022-03-30,Süd,205,1534.0
2022-03-31,Nord,143,1410.0
2022-03-31,Süd,190,1469.0
2022-04-01,Nord,122,1266.0
2022-04-01,Süd,122,1301.0
2022-04-02,Nord,59,1127.0
2022-04-02,Süd,58,1168.0
2022-04-03,Nord,4,978.0
2022-04-03,Süd,2,1024.0
2022-04-04,Nord,146,1114.0
2022-04-04,Süd,165,1184.0
2022-04-05,Nord,157,1086.0
2022-04-05,Süd,164,1138.0
2022-04-06,Nord,152,965.0
2022-04-06,Süd,162,1068.0
2022-04-07,Nord,112,895.0
2022-04-07,Süd,146,1009.0
2022-04-08,Nord,82,834.0
2022-04-08,Süd,113,932.0
2022-04-09,Nord,71,783.0
2022-04-09,Süd,61,871.0
2022-04-10,Nord,1,725.0
2022-04-10,Süd,4,817.0
2022-04-11,Nord,102,823.0
2022-04-11,Süd,129,944.0
2022-04-12,Nord,121,798.0
2022-04-12,Süd,116,895.0
2022-04-13,Nord,105,746.0
2022-04-13,Süd,123,854.0
2022-04-14,Nord,112,706.0
2022-04-14,Süd,105,797.0
2022-04-15,Nord,2,596.0
2022-04-15,Süd,11,662.0
2022-04-16,Nord,67,581.0
2022-04-16,Süd,74,623.0
2022-04-17,Nord,6,516.0
2022-04-17,Süd,15,577.0
2022-04-18,Nord,79,594.0
2022-04-18,Süd,90,663.0
2022-04-19,Nord,111,603.0
2022-04-19,Süd,125,659.0
2022-04-20,Nord,117,599.0
2022-04-20,Süd,118,661.0
2022-04-21,Nord,86,580.0
2022-04-21,Süd,117,655.0
2022-04-22,Nord,56,524.0
2022-04-22,Süd,80,630.0
2022-04-23,Nord,50,572.0
2022-04-23,Süd,59,678.0
2022-04-24,Nord,3,508.0
2022-04-24,Süd,4,608.0
2022-04-25,Nord,87,589.0
2022-04-25,Süd,126,719.0
2022-04-26,Nord,112,622.0
2022-04-26,Süd,115,744.0
2022-04-27,Nord,67,578.0
2022-04-27,Süd,81,700.0
2022-04-28,Nord,90,551.0
2022-04-28,Süd,66,648.0
2022-04-29,Nord,40,505.0
2022-04-29,Süd,50,581.0
2022-04-30,Nord,35,484.0
2022-04-30,Süd,35,536.0
2022-05-01,Nord,5,439.0
2022-05-01,Süd,2,479.0
2022-05-02,Nord,42,478.0
2022-05-02,Süd,65,540.0
2022-05-03,Nord,87,478.0
2022-05-03,Süd,75,489.0
2022-05-04,Nord,51,417.0
2022-05-04,Süd,60,434.0
2022-05-05,Nord,57,407.0
2022-05-05,Süd,68,421.0
2022-05-06,Nord,50,367.0
2022-05-06,Süd,56,411.0
2022-05-07,Nord,46,373.0
2022-05-07,Süd,51,412.0
2022-05-08,Nord,10,348.0
2022-05-08,Süd,8,385.0
2022-05-09,Nord,61,404.0
2022-05-09,Süd,75,458.0
2022-05-10,Nord,85,447.0
2022-05-10,Süd,87,480.0
2022-05-11,Nord,83,443.0
2022-05-11,Süd,117,522.0
2022-05-12,Nord,68,460.0
2022-05-12,Süd,71,533.0
2022-05-13,Nord,90,493.0
2022-05-13,Süd,73,538.0
2022-05-14,Nord,45,488.0
2022-05-14,Süd,43,525.0
2022-05-15,Nord,13,455.0
2022-05-15,Süd,21,495.0
2022-05-16,Nord,51,496.0
2022-05-16,Süd,55,542.0
2022-05-17,Nord,57,492.0
2022-05-17,Süd,84,551.0
2022-05-18,Nord,63,470.0
2022-05-18,Süd,65,529.0
2022-05-19,Nord,36,423.0
2022-05-19,Süd,45,457.0
2022-05-20,Nord,30,385.0
2022-05-20,Süd,46,432.0
2022-05-21,Nord,32,327.0
2022-05-21,Süd,30,389.0
2022-05-22,Nord,5,287.0
2022-05-22,Süd,17,363.0
2022-05-23,Nord,37,311.0
2022-05-23,Süd,38,380.0
2022-05-24,Nord,42,302.0
2022-05-24,Süd,72,397.0
2022-05-25,Nord,39,284.0
2022-05-25,Süd,59,372.0
2022-05-26,Nord,1,222.0
2022-05-26,Süd,8,315.0
2022-05-27,Nord,36,222.0
2022-05-27,Süd,57,327.0
2022-05-28,Nord,18,210.0
2022-05-28,Süd,24,305.0
2022-05-29,Nord,4,182.0
2022-05-29,Süd,8,283.0
2022-05-30,Nord,70,247.0
2022-05-30,Süd,56,322.0
2022-05-31,Nord,52,262.0
2022-05-31,Süd,71,355.0
2022-06-01,Nord,73,293.0
2022-06-01,Süd,67,350.0
2022-06-02,Nord,39,293.0
2022-06-02,Süd,52,343.0
2022-06-03,Nord,47,339.0
2022-06-03,Süd,74,409.0
2022-06-04,Nord,35,338.0
2022-06-04,Süd,52,404.0
2022-06-05,Nord,8,328.0
2022-06-05,Süd,16,396.0
2022-06-06,Nord,4,328.0
2022-06-06,Süd,8,396.0
2022-06-07,Nord,102,360.0
2022-06-07,Süd,124,464.0
2022-06-08,Nord,115,423.0
2022-06-08,Süd,136,529.0
2022-06-09,Nord,92,442.0
2022-06-09,Süd,147,609.0
2022-06-10,Nord,92,495.0
2022-06-10,Süd,129,686.0
2022-06-11,Nord,12,460.0
2022-06-11,Süd,14,626.0
2022-06-12,Nord,5,430.0
2022-06-12,Süd,16,590.0
2022-06-13,Nord,168,590.0
2022-06-13,Süd,220,794.0
2022-06-14,Nord,157,743.0
2022-06-14,Süd,161,947.0
2022-06-15,Nord,116,757.0
2022-06-15,Süd,122,945.0
2022-06-16,Nord,9,651.0
2022-06-16,Süd,11,820.0
2022-06-17,Nord,123,682.0
2022-06-17,Süd,113,786.0
2022-06-18,Nord,8,598.0
2022-06-18,Süd,3,660.0
2022-06-19,Nord,11,597.0
2022-06-19,Süd,17,663.0
2022-06-20,Nord,122,714.0
2022-06-20,Süd,151,798.0
2022-06-21,Nord,116,662.0
2022-06-21,Süd,113,691.0
2022-06-22,Nord,134,639.0
2022-06-22,Süd,171,701.0
2022-06-23,Nord,151,674.0
2022-06-23,Süd,163,742.0
2022-06-24,Nord,132,797.0
2022-06-24,Süd,153,884.0
2022-06-25,Nord,6,680.0
2022-06-25,Süd,14,785.0
2022-06-26,Nord,11,683.0
2022-06-26,Süd,12,794.0
2022-06-27,Nord,86,758.0
2022-06-27,Süd,173,950.0
2022-06-28,Nord,140,776.0
2022-06-28,Süd,131,930.0
2022-06-29,Nord,160,820.0
2022-06-29,Süd,269,1086.0
2022-06-30,Nord,159,845.0
2022-06-30,Süd,183,1098.0
2022-07-01,Nord,122,816.0
2022-07-01,Süd,159,1094.0
2022-07-02,Nord,9,693.0
2022-07-02,Süd,21,962.0
2022-07-03,Nord,13,700.0
2022-07-03,Süd,24,972.0
2022-07-04,Nord,179,868.0
2022-07-04,Süd,239,1199.0
2022-07-05,Nord,189,971.0
2022-07-05,Süd,187,1213.0
2022-07-06,Nord,213,1044.0
2022-07-06,Süd,215,1297.0
2022-07-07,Nord,119,1003.0
2022-07-07,Süd,213,1241.0
2022-07-08,Nord,140,984.0
2022-07-08,Süd,152,1210.0
2022-07-09,Nord,10,872.0
2022-07-09,Süd,18,1069.0
2022-07-10,Nord,15,878.0
2022-07-10,Süd,22,1070.0
2022-07-11,Nord,145,1010.0
2022-07-11,Süd,172,1218.0
2022-07-12,Nord,145,976.0
2022-07-12,Süd,173,1152.0
2022-07-13,Nord,123,910.0
2022-07-13,Süd,165,1130.0
2022-07-14,Nord,110,807.0
2022-07-14,Süd,162,1077.0
2022-07-15,Nord,120,808.0
2022-07-15,Süd,121,985.0
2022-07-16,Nord,20,688.0
2022-07-16,Süd,27,860.0
2022-07-17,Nord,10,688.0
2022-07-17,Süd,21,863.0
2022-07-18,Nord,133,806.0
2022-07-18,Süd,178,1019.0
2022-07-19,Nord,119,780.0
2022-07-19,Süd,150,997.0
2022-07-20,Nord,138,773.0
2022-07-20,Süd,186,1010.0
2022-07-21,Nord,137,787.0
2022-07-21,Süd,148,993.0
2022-07-22,Nord,97,774.0
2022-07-22,Süd,124,955.0
2022-07-23,Nord,36,690.0
2022-07-23,Süd,33,867.0
2022-07-24,Nord,12,682.0
2022-07-24,Süd,20,860.0
2022-07-25,Nord,130,802.0
2022-07-25,Süd,147,986.0
2022-07-26,Nord,142,811.0
2022-07-26,Süd,178,986.0
2022-07-27,Nord,88,780.0
2022-07-27,Süd,92,928.0
2022-07-28,Nord,55,697.0
2022-07-28,Süd,73,815.0
2022-07-29,Nord,67,627.0
2022-07-29,Süd,64,731.0
2022-07-30,Nord,26,556.0
2022-07-30,Süd,25,632.0
2022-07-31,Nord,13,533.0
2022-07-31,Süd,18,617.0
2022-08-01,Nord,84,605.0
2022-08-01,Süd,105,702.0
2022-08-02,Nord,103,578.0
2022-08-02,Süd,82,637.0
2022-08-03,Nord,65,501.0
2022-08-03,Süd,70,529.0
2022-08-04,Nord,83,496.0
2022-08-04,Süd,72,509.0
2022-08-05,Nord,73,514.0
2022-08-05,Süd,58,494.0
2022-08-06,Nord,24,471.0
2022-08-06,Süd,27,457.0
2022-08-07,Nord,11,456.0
2022-08-07,Süd,19,451.0
2022-08-08,Nord,121,564.0
2022-08-08,Süd,101,534.0
2022-08-09,Nord,95,575.0
2022-08-09,Süd,98,527.0
2022-08-10,Nord,83,555.0
2022-08-10,Süd,103,548.0
2022-08-11,Nord,61,551.0
2022-08-11,Süd,55,533.0
2022-08-12,Nord,74,542.0
2022-08-12,Süd,82,543.0
2022-08-13,Nord,30,499.0
2022-08-13,Süd,28,513.0
2022-08-14,Nord,10,485.0
2022-08-14,Süd,11,497.0
2022-08-15,Nord,106,580.0
2022-08-15,Süd,122,600.0
2022-08-16,Nord,79,538.0
2022-08-16,Süd,91,590.0
2022-08-17,Nord,62,505.0
2022-08-17,Süd,61,553.0
2022-08-18,Nord,59,481.0
2022-08-18,Süd,68,518.0
2022-08-19,Nord,75,495.0
2022-08-19,Süd,58,521.0
2022-08-20,Nord,21,442.0
2022-08-20,Süd,25,464.0
2022-08-21,Nord,16,428.0
2022-08-21,Süd,6,442.0
2022-08-22,Nord,100,518.0
2022-08-22,Süd,75,506.0
2022-08-23,Nord,73,485.0
2022-08-23,Süd,62,446.0
2022-08-24,Nord,45,451.0
2022-08-24,Süd,36,391.0
2022-08-25,Nord,58,447.0
2022-08-25,Süd,56,386.0
2022-08-26,Nord,50,438.0
2022-08-26,Süd,54,372.0
2022-08-27,Nord,12,375.0
2022-08-27,Süd,10,324.0
2022-08-28,Nord,7,361.0
2022-08-28,Süd,15,314.0
2022-08-29,Nord,59,404.0
2022-08-29,Süd,52,360.0
2022-08-30,Nord,59,363.0
2022-08-30,Süd,58,343.0
2022-08-31,Nord,42,332.0
2022-08-31,Süd,52,333.0
2022-09-01,Nord,31,318.0
2022-09-01,Süd,46,343.0
2022-09-02,Nord,45,305.0
2022-09-02,Süd,54,341.0
2022-09-03,Nord,12,267.0
2022-09-03,Süd,23,310.0
2022-09-04,Nord,6,261.0
2022-09-04,Süd,19,319.0
2022-09-05,Nord,58,312.0
2022-09-05,Süd,79,383.0
2022-09-06,Nord,58,311.0
2022-09-06,Süd,68,399.0
2022-09-07,Nord,37,289.0
2022-09-07,Süd,46,387.0
2022-09-08,Nord,41,288.0
2022-09-08,Süd,51,386.0
2022-09-09,Nord,39,296.0
2022-09-09,Süd,35,375.0
2022-09-10,Nord,3,254.0
2022-09-10,Süd,4,325.0
2022-09-11,Nord,1,243.0
2022-09-11,Süd,3,305.0
2022-09-12,Nord,60,297.0
2022-09-12,Süd,73,359.0
2022-09-13,Nord,44,283.0
2022-09-13,Süd,77,357.0
2022-09-14,Nord,44,269.0
2022-09-14,Süd,32,321.0
2022-09-15,Nord,38,270.0
2022-09-15,Süd,49,324.0
2022-09-16,Nord,43,272.0
2022-09-16,Süd,38,311.0
2022-09-17,Nord,2,235.0
2022-09-17,Süd,3,279.0
2022-09-18,Nord,1,233.0
2022-09-18,Süd,1,276.0
2022-09-19,Nord,57,289.0
2022-09-19,Süd,72,345.0
2022-09-20,Nord,54,283.0
2022-09-20,Süd,56,328.0
2022-09-21,Nord,50,289.0
2022-09-21,Süd,50,301.0
2022-09-22,Nord,40,285.0
2022-09-22,Süd,55,324.0
2022-09-23,Nord,51,298.0
2022-09-23,Süd,55,330.0
2022-09-24,Nord,3,258.0
2022-09-24,Süd,5,297.0
2022-09-25,Nord,2,258.0
2022-09-25,Süd,5,299.0
2022-09-26,Nord,94,351.0
2022-09-26,Süd,123,421.0
2022-09-27,Nord,60,354.0
2022-09-27,Süd,71,420.0
2022-09-28,Nord,106,406.0
2022-09-28,Süd,123,487.0
2022-09-29,Nord,86,442.0
2022-09-29,Süd,73,510.0
2022-09-30,Nord,79,481.0
2022-09-30,Süd,82,537.0
2022-10-01,Nord,5,435.0
2022-10-01,Süd,9,491.0
2022-10-02,Nord,4,436.0
2022-10-02,Süd,5,491.0
2022-10-03,Nord,9,443.0
2022-10-03,Süd,8,494.0
2022-10-04,Nord,160,509.0
2022-10-04,Süd,197,568.0
2022-10-05,Nord,159,608.0
2022-10-05,Süd,181,678.0
2022-10-06,Nord,117,619.0
2022-10-06,Süd,102,657.0
2022-10-07,Nord,103,636.0
2022-10-07,Süd,135,719.0
2022-10-08,Nord,14,571.0
2022-10-08,Süd,7,644.0
2022-10-09,Nord,6,572.0
2022-10-09,Süd,11,646.0
2022-10-10,Nord,191,759.0
2022-10-10,Süd,219,860.0
2022-10-11,Nord,180,930.0
2022-10-11,Süd,202,1054.0
2022-10-12,Nord,146,916.0
2022-10-12,Süd,191,1048.0
2022-10-13,Nord,126,883.0
2022-10-13,Süd,144,1011.0
2022-10-14,Nord,57,823.0
2022-10-14,Süd,122,1031.0
2022-10-15,Nord,15,735.0
2022-10-15,Süd,15,911.0
2022-10-16,Nord,11,732.0
2022-10-16,Süd,10,914.0
2022-10-17,Nord,180,906.0
2022-10-17,Süd,211,1114.0
2022-10-18,Nord,182,897.0
2022-10-18,Süd,197,1092.0
2022-10-19,Nord,148,865.0
2022-10-19,Süd,138,1028.0
2022-10-20,Nord,100,819.0
2022-10-20,Süd,104,941.0
2022-10-21,Nord,88,781.0
2022-10-21,Süd,82,879.0
2022-10-22,Nord,31,755.0
2022-10-22,Süd,23,780.0
2022-10-23,Nord,8,748.0
2022-10-23,Süd,15,780.0
2022-10-24,Nord,152,889.0
2022-10-24,Süd,147,917.0
2022-10-25,Nord,108,817.0
2022-10-25,Süd,125,831.0
2022-10-26,Nord,108,743.0
2022-10-26,Süd,100,734.0
2022-10-27,Nord,90,685.0
2022-10-27,Süd,86,682.0
2022-10-28,Nord,66,651.0
2022-10-28,Süd,57,635.0
2022-10-29,Nord,21,584.0
2022-10-29,Süd,33,586.0
2022-10-30,Nord,10,563.0
2022-10-30,Süd,20,583.0
2022-10-31,Nord,87,642.0
2022-10-31,Süd,74,642.0
2022-11-01,Nord,37,527.0
2022-11-01,Süd,23,518.0
2022-11-02,Nord,83,502.0
2022-11-02,Süd,89,482.0
2022-11-03,Nord,96,490.0
2022-11-03,Süd,98,480.0
2022-11-04,Nord,65,465.0
2022-11-04,Süd,73,467.0
2022-11-05,Nord,11,410.0
2022-11-05,Süd,17,427.0
2022-11-06,Nord,10,399.0
2022-11-06,Süd,22,416.0
2022-11-07,Nord,69,458.0
2022-11-07,Süd,82,478.0
2022-11-08,Nord,83,454.0
2022-11-08,Süd,58,462.0
2022-11-09,Nord,56,473.0
2022-11-09,Süd,61,500.0
2022-11-10,Nord,49,439.0
2022-11-10,Süd,39,450.0
2022-11-11,Nord,20,363.0
2022-11-11,Süd,36,388.0
2022-11-12,Nord,7,305.0
2022-11-12,Süd,14,329.0
2022-11-13,Nord,14,308.0
2022-11-13,Süd,9,321.0
2022-11-14,Nord,70,368.0
2022-11-14,Süd,66,365.0
2022-11-15,Nord,50,349.0
2022-11-15,Süd,49,332.0
2022-11-16,Nord,55,321.0
2022-11-16,Süd,51,325.0
2022-11-17,Nord,53,318.0
2022-11-17,Süd,39,303.0
2022-11-18,Nord,45,314.0
2022-11-18,Süd,30,294.0
2022-11-19,Nord,10,304.0
2022-11-19,Süd,21,279.0
2022-11-20,Nord,7,304.0
2022-11-20,Süd,9,274.0
2022-11-21,Nord,59,349.0
2022-11-21,Süd,55,320.0
2022-11-22,Nord,50,329.0
2022-11-22,Süd,60,314.0
2022-11-23,Nord,49,328.0
2022-11-23,Süd,53,318.0
2022-11-24,Nord,42,315.0
2022-11-24,Süd,59,326.0
2022-11-25,Nord,32,294.0
2022-11-25,Süd,47,334.0
2022-11-26,Nord,21,270.0
2022-11-26,Süd,21,325.0
2022-11-27,Nord,9,269.0
2022-11-27,Süd,8,312.0
2022-11-28,Nord,56,318.0
2022-11-28,Süd,58,361.0
2022-11-29,Nord,44,303.0
2022-11-29,Süd,40,346.0
2022-11-30,Nord,47,300.0
2022-11-30,Süd,46,332.0
2022-12-01,Nord,39,290.0
2022-12-01,Süd,42,321.0
2022-12-02,Nord,26,274.0
2022-12-02,Süd,39,301.0
2022-12-03,Nord,5,247.0
2022-12-03,Süd,10,264.0
2022-12-04,Nord,14,240.0
2022-12-04,Süd,11,254.0
2022-12-05,Nord,41,272.0
2022-12-05,Süd,68,314.0
2022-12-06,Nord,47,263.0
2022-12-06,Süd,51,307.0
2022-12-07,Nord,44,263.0
2022-12-07,Süd,48,315.0
2022-12-08,Nord,39,255.0
2022-12-08,Süd,44,313.0
2022-12-09,Nord,32,248.0
2022-12-09,Süd,45,316.0
2022-12-10,Nord,19,241.0
2022-12-10,Süd,28,305.0
2022-12-11,Nord,5,241.0
2022-12-11,Süd,17,312.0
2022-12-12,Nord,57,284.0
2022-12-12,Süd,73,374.0
2022-12-13,Nord,68,311.0
2022-12-13,Süd,69,375.0
2022-12-14,Nord,54,318.0
2022-12-14,Süd,44,368.0
2022-12-15,Nord,47,321.0
2022-12-15,Süd,35,355.0
2022-12-16,Nord,34,316.0
2022-12-16,Süd,41,352.0
2022-12-17,Nord,25,309.0
2022-12-17,Süd,16,323.0
2022-12-18,Nord,6,296.0
2022-12-18,Süd,8,303.0
2022-12-19,Nord,55,346.0
2022-12-19,Süd,52,338.0
2022-12-20,Nord,55,344.0
2022-12-20,Süd,83,348.0
2022-12-21,Nord,78,354.0
2022-12-21,Süd,59,338.0
2022-12-22,Nord,61,361.0
2022-12-22,Süd,57,351.0
2022-12-23,Nord,39,353.0
2022-12-23,Süd,64,380.0
2022-12-24,Nord,31,350.0
2022-12-24,Süd,37,376.0
2022-12-25,Nord,16,341.0
2022-12-25,Süd,23,383.0
2022-12-26,Nord,28,363.0
2022-12-26,Süd,29,404.0
2022-12-27,Nord,34,342.0
2022-12-27,Süd,35,387.0
2022-12-28,Nord,51,338.0
2022-12-28,Süd,50,354.0
2022-12-29,Nord,49,309.0
2022-12-29,Süd,51,346.0
2022-12-30,Nord,35,283.0
2022-12-30,Süd,37,326.0
2022-12-31,Nord,25,269.0
2022-12-31,Süd,18,280.0
2023-01-01,Nord,11,249.0
2023-01-01,Süd,11,254.0
2023-01-02,Nord,35,268.0
2023-01-02,Süd,20,251.0
2023-01-03,Nord,46,286.0
2023-01-03,Süd,55,277.0
2023-01-04,Nord,36,288.0
2023-01-04,Süd,34,276.0
2023-01-05,Nord,14,251.0
2023-01-05,Süd,32,258.0
2023-01-06,Nord,14,216.0
2023-01-06,Süd,12,219.0
2023-01-07,Nord,8,189.0
2023-01-07,Süd,12,194.0
2023-01-08,Nord,2,166.0
2023-01-08,Süd,6,182.0
2023-01-09,Nord,18,173.0
2023-01-09,Süd,27,198.0
2023-01-10,Nord,26,164.0
2023-01-10,Süd,24,202.0
2023-01-11,Nord,13,131.0
2023-01-11,Süd,17,164.0
2023-01-12,Nord,13,108.0
2023-01-12,Süd,18,148.0
2023-01-13,Nord,14,108.0
2023-01-13,Süd,15,131.0
2023-01-14,Nord,6,100.0
2023-01-14,Süd,11,130.0
2023-01-15,Süd,8,126.0
2023-01-16,Nord,12,102.0
2023-01-16,Süd,12,132.0
2023-01-17,Nord,12,96.0
2023-01-17,Süd,12,117.0
2023-01-18,Nord,18,88.0
2023-01-18,Süd,5,98.0
2023-01-19,Nord,7,82.0
2023-01-19,Süd,12,93.0
2023-01-20,Nord,9,78.0
2023-01-20,Süd,9,84.0
2023-01-21,Nord,3,67.0
2023-01-21,Süd,5,74.0
2023-01-22,Nord,6,67.0
2023-01-22,Süd,4,67.0
2023-01-23,Nord,19,86.0
2023-01-23,Süd,12,71.0
2023-01-24,Nord,17,91.0
2023-01-24,Süd,20,79.0
2023-01-25,Nord,17,96.0
2023-01-25,Süd,15,82.0
2023-01-26,Nord,12,90.0
2023-01-26,Süd,21,98.0
2023-01-27,Nord,16,99.0
2023-01-27,Süd,19,105.0
2023-01-28,Nord,6,96.0
2023-01-28,Süd,8,104.0
2023-01-29,Nord,10,103.0
2023-01-29,Süd,3,102.0
2023-01-30,Nord,16,113.0
2023-01-30,Süd,28,126.0
2023-01-31,Nord,29,123.0
2023-01-31,Süd,29,143.0
2023-02-01,Nord,33,139.0
2023-02-01,Süd,36,159.0
2023-02-02,Nord,16,138.0
2023-02-02,Süd,20,164.0
2023-02-03,Nord,16,142.0
2023-02-03,Süd,22,165.0
2023-02-04,Nord,11,137.0
2023-02-04,Süd,11,157.0
2023-02-05,Nord,3,134.0
2023-02-05,Süd,2,151.0
2023-02-06,Nord,23,147.0
2023-02-06,Süd,33,181.0
2023-02-07,Nord,28,159.0
2023-02-07,Süd,29,182.0
2023-02-08,Nord,22,152.0
2023-02-08,Süd,18,171.0
2023-02-09,Nord,21,140.0
2023-02-09,Süd,23,158.0
2023-02-10,Nord,14,138.0
2023-02-10,Süd,19,157.0
2023-02-11,Nord,8,130.0
2023-02-11,Süd,12,147.0
2023-02-12,Nord,10,129.0
2023-02-12,Süd,2,138.0
2023-02-13,Nord,28,154.0
2023-02-13,Süd,17,153.0
2023-02-14,Nord,21,152.0
2023-02-14,Süd,42,162.0
2023-02-15,Nord,25,149.0
2023-02-15,Süd,24,157.0
2023-02-16,Nord,23,150.0
2023-02-16,Süd,24,163.0
2023-02-17,Nord,11,140.0
2023-02-17,Süd,18,158.0
2023-02-18,Nord,14,140.0
2023-02-18,Süd,10,149.0
2023-02-19,Nord,6,138.0
2023-02-19,Süd,7,144.0
2023-02-20,Nord,15,143.0
2023-02-20,Süd,9,151.0
2023-02-21,Nord,39,154.0
2023-02-21,Süd,32,166.0
2023-02-22,Nord,55,188.0
2023-02-22,Süd,72,196.0
2023-02-23,Nord,43,206.0
2023-02-23,Süd,54,226.0
2023-02-24,Nord,51,234.0
2023-02-24,Süd,38,240.0
2023-02-25,Nord,23,246.0
2023-02-25,Süd,26,248.0
2023-02-26,Nord,18,250.0
2023-02-26,Süd,8,246.0
2023-02-27,Nord,28,272.0
2023-02-27,Süd,42,281.0
2023-02-28,Nord,45,302.0
2023-02-28,Süd,54,326.0
2023-04-03,Nord,1,1.0
2023-04-03,Süd,1,1.0
2023-04-06,Nord,1,2.0
2023-04-06,Süd,1,2.0
2023-04-11,Nord,1,2.0
2023-04-13,Nord,1,3.0
2023-05-02,Nord,1,1.0
2023-05-03,Nord,1,2.0
2023-05-04,Nord,2,4.0
2023-05-04,Süd,4,4.0
2023-05-05,Nord,3,7.0
2023-05-08,Nord,2,9.0
2023-05-08,Süd,7,11.0
2023-05-09,Nord,4,13.0
2023-05-09,Süd,2,13.0
2023-05-10,Nord,1,13.0
2023-05-11,Süd,1,14.0
2023-05-12,Süd,4,14.0
2023-05-15,Nord,4,11.0
2023-05-15,Süd,1,15.0
2023-05-17,Nord,1,6.0
2023-05-19,Nord,1,6.0
2023-05-19,Süd,3,8.0
2023-05-22,Süd,2,6.0
2023-05-23,Nord,3,5.0
2023-05-23,Süd,1,6.0
2023-05-25,Nord,3,7.0
2023-05-30,Nord,2,8.0
2023-05-30,Süd,1,2.0
2023-05-31,Süd,1,2.0
2023-06-01,Nord,2,7.0
2023-06-01,Süd,1,3.0
2023-06-05,Nord,1,5.0
2023-06-12,Nord,1,2.0
2023-06-12,Süd,2,2.0
2023-06-13,Nord,1,2.0
2023-06-16,Süd,2,4.0
2023-06-21,Süd,1,3.0
2023-06-23,Süd,1,4.0
2023-07-04,Nord,1,1.0
2023-07-14,Süd,1,1.0
2023-07-17,Süd,1,2.0
2023-07-19,Süd,1,3.0
2023-07-25,Nord,2,2.0
2023-07-25,Süd,1,2.0
2023-07-28,Süd,1,2.0
2023-08-01,Nord,1,3.0
2023-08-01,Süd,2,4.0
2023-08-02,Süd,1,4.0
2023-08-07,Nord,1,2.0
2023-08-07,Süd,1,4.0
2023-08-08,Nord,1,3.0
2023-08-08,Süd,5,9.0
2023-08-09,Nord,1,3.0
2023-08-10,Nord,1,4.0
2023-08-10,Süd,1,7.0
2023-08-11,Nord,2,6.0
2023-08-14,Nord,3,9.0
2023-08-14,Süd,9,16.0
2023-08-16,Nord,4,11.0
2023-08-16,Süd,1,11.0
2023-08-17,Süd,1,12.0
2023-08-18,Süd,3,14.0
2023-08-21,Nord,3,10.0
2023-08-21,Süd,3,17.0
2023-08-22,Nord,1,8.0
2023-08-22,Süd,5,13.0
2023-08-23,Nord,3,11.0
2023-08-23,Süd,2,15.0
2023-08-24,Nord,1,8.0
2023-08-24,Süd,1,15.0
2023-08-25,Süd,2,16.0
2023-08-28,Nord,1,9.0
2023-08-28,Süd,5,18.0
2023-08-29,Nord,2,8.0
2023-08-29,Süd,3,18.0
2023-08-30,Nord,5,12.0
2023-08-30,Süd,10,23.0
2023-08-31,Nord,3,12.0
2023-09-01,Nord,8,19.0
2023-09-01,Süd,1,21.0
2023-09-04,Nord,10,29.0
2023-09-04,Süd,6,25.0
2023-09-05,Nord,3,31.0
2023-09-05,Süd,11,31.0
2023-09-06,Nord,2,31.0
2023-09-06,Süd,1,29.0
2023-09-07,Nord,2,28.0
2023-09-07,Süd,1,20.0
2023-09-08,Nord,1,26.0
2023-09-11,Süd,6,25.0
2023-09-12,Nord,2,10.0
2023-09-12,Süd,8,27.0
2023-09-13,Süd,2,18.0
2023-09-14,Süd,3,20.0
2023-09-18,Nord,3,5.0
2023-09-18,Süd,3,22.0
2023-09-19,Nord,3,8.0
2023-09-19,Süd,1,17.0
2023-09-20,Nord,6,12.0
2023-09-20,Süd,3,12.0
2023-09-21,Nord,2,14.0
2023-09-21,Süd,3,13.0
2023-09-22,Nord,7,21.0
2023-09-22,Süd,7,17.0
2023-09-25,Nord,2,23.0
2023-09-25,Süd,6,23.0
2023-09-26,Nord,1,21.0
2023-09-26,Süd,4,24.0
2023-09-27,Nord,3,21.0
2023-09-27,Süd,3,26.0
2023-09-28,Nord,3,18.0
2023-09-28,Süd,3,26.0
2023-09-29,Nord,1,17.0
2023-09-29,Süd,4,27.0
2023-10-02,Nord,4,14.0
2023-10-02,Süd,6,26.0
2023-10-04,Nord,4,15.0
2023-10-04,Süd,3,19.0
2023-10-05,Nord,1,13.0
2023-10-05,Süd,3,19.0
2023-10-06,Süd,2,18.0
2023-10-09,Nord,3,12.0
2023-10-09,Süd,2,16.0
2023-10-10,Nord,4,12.0
2023-10-10,Süd,7,17.0
2023-10-11,Nord,3,15.0
2023-10-11,Süd,2,19.0
2023-10-12,Nord,3,14.0
2023-10-12,Süd,1,17.0
2023-10-13,Nord,1,14.0
2023-10-13,Süd,5,19.0
2023-10-16,Nord,1,15.0
2023-10-16,Süd,7,24.0
2023-10-17,Nord,6,18.0
2023-10-17,Süd,7,29.0
2023-10-18,Nord,4,18.0
2023-10-18,Süd,9,31.0
2023-10-19,Nord,1,16.0
2023-10-19,Süd,3,32.0
2023-10-20,Süd,5,36.0
2023-10-23,Nord,7,19.0
2023-10-23,Süd,1,32.0
2023-10-24,Nord,2,20.0
2023-10-24,Süd,6,31.0
2023-10-25,Nord,1,15.0
2023-10-25,Süd,2,26.0
2023-10-26,Nord,2,13.0
2023-10-26,Süd,2,19.0
2023-10-27,Süd,2,18.0
2023-10-30,Nord,3,15.0
2023-10-30,Süd,6,19.0
2023-10-31,Nord,3,11.0
2023-10-31,Süd,4,22.0
2023-11-02,Nord,3,11.0
2023-11-02,Süd,7,21.0
2023-11-03,Nord,2,11.0
2023-11-03,Süd,4,23.0
2023-11-06,Nord,8,19.0
2023-11-06,Süd,10,31.0
2023-11-07,Nord,3,19.0
2023-11-07,Süd,11,36.0
2023-11-08,Nord,2,18.0
2023-11-08,Süd,3,35.0
2023-11-09,Nord,5,23.0
2023-11-09,Süd,8,43.0
2023-11-10,Nord,1,21.0
2023-11-10,Süd,3,39.0
2023-11-13,Nord,10,29.0
2023-11-13,Süd,10,45.0
2023-11-14,Nord,5,26.0
2023-11-14,Süd,10,45.0
2023-11-15,Nord,4,27.0
2023-11-15,Süd,4,38.0
2023-11-16,Nord,5,30.0
2023-11-16,Süd,1,36.0
2023-11-17,Nord,3,28.0
2023-11-17,Süd,1,29.0
2023-11-20,Nord,2,29.0
2023-11-20,Süd,4,30.0
2023-11-21,Nord,8,27.0
2023-11-21,Süd,8,28.0
2023-11-22,Nord,2,24.0
2023-11-22,Süd,14,32.0
2023-11-23,Nord,4,24.0
2023-11-23,Süd,12,40.0
2023-11-24,Nord,7,26.0
2023-11-24,Süd,16,55.0
2023-11-27,Nord,5,28.0
2023-11-27,Süd,9,63.0
2023-11-28,Nord,1,27.0
2023-11-28,Süd,9,68.0
2023-11-29,Nord,7,26.0
2023-11-29,Süd,9,69.0
2023-11-30,Nord,7,31.0
2023-11-30,Süd,10,65.0
2023-12-01,Nord,2,29.0
2023-12-01,Süd,5,58.0
2023-12-04,Nord,13,35.0
2023-12-04,Süd,7,49.0
2023-12-05,Nord,2,32.0
2023-12-06,Nord,3,34.0
2023-12-06,Süd,6,37.0
2023-12-07,Nord,3,30.0
2023-12-07,Süd,8,36.0
2023-12-08,Nord,5,28.0
2023-12-08,Süd,11,37.0
2023-12-11,Nord,27,53.0
2023-12-11,Süd,16,48.0
2023-12-12,Nord,6,46.0
2023-12-12,Süd,7,48.0
2023-12-13,Nord,4,48.0
2023-12-13,Süd,6,54.0
2023-12-14,Nord,8,53.0
2023-12-14,Süd,6,54.0
2023-12-15,Nord,3,53.0
2023-12-15,Süd,11,57.0
2023-12-18,Nord,9,57.0
2023-12-18,Süd,8,54.0
2023-12-19,Nord,6,36.0
2023-12-19,Süd,15,53.0
2023-12-20,Nord,4,34.0
2023-12-20,Süd,2,48.0
2023-12-21,Nord,3,33.0
2023-12-21,Süd,2,44.0
2023-12-22,Nord,8,33.0
2023-12-22,Süd,1,39.0
2023-12-27,Nord,13,28.0
2023-12-27,Süd,6,11.0
2023-12-28,Nord,1,25.0
2023-12-28,Süd,2,11.0
2023-12-29,Nord,3,25.0
2023-12-29,Süd,2,11.0
2024-01-02,Nord,6,23.0
2024-01-02,Süd,15,25.0
2024-01-03,Nord,1,24.0
2024-01-03,Süd,3,28.0
2024-01-04,Nord,3,14.0
2024-01-04,Süd,1,23.0
2024-01-05,Nord,1,14.0
2024-01-05,Süd,2,23.0
2024-01-08,Nord,1,12.0
2024-01-08,Süd,6,27.0
2024-01-09,Nord,1,13.0
2024-01-09,Süd,1,28.0
2024-01-10,Süd,3,16.0
2024-01-11,Süd,1,14.0
2024-01-12,Süd,1,14.0
2024-01-15,Nord,2,4.0
2024-01-15,Süd,1,13.0
2024-01-16,Nord,1,4.0
2024-01-16,Süd,1,8.0
2024-01-17,Nord,2,5.0
2024-01-17,Süd,1,8.0
2024-01-18,Süd,1,6.0
2024-01-19,Nord,5,10.0
2024-01-19,Süd,2,7.0
2024-01-22,Nord,2,12.0
2024-01-22,Süd,6,12.0
2024-01-23,Süd,1,12.0
2024-01-24,Nord,1,10.0
2024-01-25,Nord,2,10.0
2024-01-25,Süd,2,12.0
2024-01-29,Nord,3,8.0
2024-01-29,Süd,1,10.0
2024-01-30,Nord,2,8.0
2024-01-30,Süd,2,6.0
2024-01-31,Süd,4,9.0
2024-02-02,Nord,2,7.0
2024-02-05,Nord,1,8.0
2024-02-07,Nord,1,4.0
2024-02-07,Süd,1,5.0
2024-02-09,Süd,1,2.0
2024-02-13,Nord,3,4.0
2024-02-13,Süd,3,5.0
2024-02-14,Süd,1,6.0
2024-02-15,Nord,1,4.0
2024-02-20,Nord,4,8.0
2024-02-21,Nord,3,8.0
2024-02-21,Süd,1,2.0
2024-02-22,Nord,1,9.0
2024-02-23,Nord,1,9.0
2024-02-23,Süd,2,3.0
2024-02-26,Nord,2,11.0
