Date,Sampling_Area,COVID_N1,COVID_N2,PMMoV,Avg_FlowRate,Project,Temperature,Bemerkung,bestimmungsgrenze,precipitation_event,flow_normalized_COVID_N1,flow_normalized_COVID_N2,PMMoV_normalized_COVID_N1,PMMoV_normalized_COVID_N2
2022-02-28,North_South,2877.121279169315,1731.84879550753,2719778.768490168,881.921296296296,ESI_CorA,,,False,heavy_rain,7984.793747572467,4806.351242204845,41077.52421944461,24726.12515744076
2022-03-02,North_South,40857.6860948059,20153.34714916909,29746540.376670893,909.212962962964,ESI_CorA,,,False,heavy_rain,116900.15580240842,57661.84154949959,53335.574190337386,26308.155081615834
2022-03-07,North_South,44350.8665810432,16694.4915192959,25513060.489387088,892.083333333334,ESI_CorA,,,False,heavy_rain,124503.98127779848,46865.61548380668,67502.40119311398,25409.159980928696
2022-03-09,North_South,44744.493398844905,18895.96900516001,15160496.371691555,883.217592592592,ESI_CorA,,,False,heavy_rain,124360.65762058098,52518.53252450675,114605.60154117607,48398.89179739124
2022-03-14,North_South,33228.55283374533,13962.550567072876,50888907.244354345,808.275462962964,ESI_CorA,,,False,light_rain,84517.4773472639,35514.02184642168,25355.254416450607,10654.211265293492
2022-03-16,North_South,91957.35341631548,36133.02186757246,37916164.32347712,449.66435185185105,ESI_CorA,,,False,dry,130121.968985775,51129.13514951592,94176.32459302012,37004.92749635229
2022-03-21,North_South,65029.8141446619,37935.2455778697,51441639.8246053,420.05787037037,ESI_CorA,,,False,dry,85960.18521163479,50145.01085099914,49088.23070144954,28635.697504841653
2022-03-23,North_South,50756.971168672026,23600.579153490446,25046071.50071926,445.02314814814804,ESI_CorA,,,False,dry,71081.07767963658,33050.72311188415,78692.93671649571,36590.025744967286
2022-03-28,North_South,49553.33591129878,23059.750628977392,42485958.00097327,430.243055555555,ESI_CorA,,,False,dry,67090.7225421044,31220.81092801024,45290.50377001487,21076.03259378487
2022-03-30,North_South,52475.72235396938,31716.715960669793,44044587.229892164,478.738425925926,ESI_CorA,,,False,light_rain,79055.5594941322,47781.76675061166,46264.25273580754,27962.457634339826
2022-04-04,North_South,42476.64010062659,17289.326634725832,27597519.548732772,547.9513888888889,ESI_CorA,,,False,light_rain,73243.2981492362,29812.322785108296,59766.76888826668,24326.95210269631
2022-04-06,North_South,68902.801734234,36355.0983611672,39284504.420756005,486.342592592592,ESI_CorA,,,False,light_rain,105452.01693685338,55639.514673291014,68107.55241310735,35935.501965033334
2022-04-11,North_South,16040.836401258737,9426.230107128147,33866503.792965695,502.73148148148096,ESI_CorA,,,False,light_rain,25376.913247994817,14912.478233707126,18392.311573265404,10808.049951684023
2022-04-13,North_South,43202.841985789295,25335.09471760277,50358079.83179448,488.27546296296305,ESI_CorA,,,False,light_rain,66382.39553267385,38928.09364149837,33313.696529009074,19535.882783672845
2022-04-18,North_South,22615.719544403437,21468.172012266074,25887957.448101908,387.731481481481,ESI_CorA,,,False,dry,27594.159987830753,26194.000681235764,33922.84705445952,32201.562912074074
2022-04-20,North_South,36964.62519767202,26582.443497416127,46759916.851188295,422.939814814815,ESI_CorA,,,False,dry,49197.22211702079,35379.29493839149,30696.739403387557,22075.00647935278
2022-04-25,North_South,9764.08226329891,4862.178996445373,18668585.63419226,540.50925925926,ESI_CorA,,,False,light_rain,16607.72983413653,8270.081406595564,20309.521154141472,10113.446867884773
2022-04-27,North_South,6524.195778481239,3463.6975910150604,15659380.62047112,541.631944444444,ESI_CorA,,,False,light_rain,11120.055600804719,5903.641016337963,16178.269851436513,8589.048553085717
2022-05-02,North_South,8746.910788163346,3463.6975910150595,17049113.97143001,421.296296296296,ESI_CorA,,,False,dry,11596.262607596827,4592.015150430623,19921.982469681814,7888.924942719163
2022-05-04,North_South,24129.923337548586,13237.50040933583,55197906.887695655,429.12037037037,ESI_CorA,,,False,dry,32584.478647635853,17875.607949606303,16975.125864712594,9312.430563465223
2022-05-09,North_South,16991.60433495389,34067.9248781099,88920981.24433738,446.15740740740705,ESI_CorA,,,False,dry,23856.031410922853,47831.00347536168,7420.100894016478,14877.196694448307
2022-05-11,North_South,9047.55029863725,8626.50255701949,5584267.745846024,420.868055555556,ESI_CorA,,,False,dry,11982.644452859458,11425.005620363001,62913.58651376129,59985.76377231906
2022-05-16,North_South,9047.55029863725,11426.959240759214,10395245.69369682,953.993055555555,ESI_CorA,,,False,heavy_rain,27161.385722490973,34304.53960783087,33796.82619308537,42685.02993938359
2022-05-18,North_South,12157.154656377134,13497.408593195842,14166576.98517,501.087962962963,ESI_CorA,,,False,light_rain,19169.9780428557,21283.354015019402,33323.198954177344,36996.883286415534
2022-05-23,North_South,9047.55029863725,8626.50255701949,4588337.990495606,1358.842592592592,ESI_CorA,,,False,heavy_rain,38687.96274629458,36887.532927786364,76569.40545182947,73006.07900672939
2022-05-24,North_South,9047.550298637252,9299.064649310596,7892776.226115332,1293.333333333334,ESI_CorA,,,False,heavy_rain,36822.831497410196,37846.47549477156,44512.387261384014,45749.794494218484
2022-05-30,North_South,32015.18425809366,25238.440689680025,6022540.140586454,477.21064814814804,ESI_CorA,,,False,light_rain,48077.49538611806,37900.7975099862,206421.99588760303,162728.07484897037
2022-02-28,South,5754.24255833863,3463.69759101506,5426348.22385588,440.960648148148,ESI_CorA,11.8,3.46369759101506,False,dry,7984.793747572467,4806.351242204845,41177.51888572986,24786.31575267813
2022-03-02,North,69802.0873955279,32133.5542825623,52128395.943441,454.606481481482,ESI_CorA,12.0,,False,dry,99857.2811115199,45969.53304453311,51996.45307344904,23936.68885385547
2022-03-02,South,11913.2847940839,8173.14001577588,7364684.80990078,454.606481481482,ESI_CorA,15.6,,False,dry,17042.874690888526,11692.308504966477,62814.083807413495,43093.76555621486
2022-03-07,North,71179.1496998459,22482.9654597618,42685558.626143,446.041666666667,ESI_CorA,13.05,,False,dry,99908.84287915057,31557.655198873133,64751.74798369569,20452.77752706538
2022-03-07,South,17522.5834622405,10906.01757883,8340562.35263117,446.041666666667,ESI_CorA,14.38,,False,dry,24595.138398647916,15307.960284933546,81579.7695846797,50775.069959555854
2022-03-09,North,72760.8442075521,28855.4838497299,26709841.7001215,441.608796296296,ESI_CorA,15.56,,False,dry,101113.96674024485,40099.760606576696,105780.61453138223,41950.4590342286
2022-03-09,South,16728.1425901377,8936.45416059012,3611151.04326161,441.608796296296,ESI_CorA,13.91,,False,dry,23246.690880336097,12418.77191793006,179879.52755904858,96094.65867464324
2022-03-14,North,56579.7815346081,21823.6889092221,90804935.5558932,404.606481481482,ESI_CorA,14.0,,False,dry,72039.35327094179,27786.682669407994,24195.32623281984,9332.508158222925
2022-03-14,South,9823.09213114015,6083.15514416229,10880176.0543215,403.668981481482,ESI_CorA,13.8,,False,dry,12478.124076322114,7727.3391770136905,35058.389764085994,21710.640722117798
2022-03-16,North,109799.433281636,39126.0011027829,52885184.5577794,209.43287037037,ESI_CorA,13.3,,False,dry,72363.68043073843,25786.1207085851,80620.5478029869,28728.37817072955
2022-03-16,South,76402.6976462743,33523.754221536,24866230.7553667,240.231481481481,ESI_CorA,14.2,,False,dry,57758.288555036546,25343.014440930823,119310.42810215314,52350.683823765045
2022-03-21,South,65029.8141446619,37935.2455778697,51441639.8246053,209.907407407407,ESI_CorA,12.8,,False,dry,42955.2232936987,25057.997872694996,49088.23070144954,28635.697504841653
2022-03-21,North,65029.8141446619,37935.2455778697,51441639.8246053,210.150462962963,ESI_CorA,15.4,,False,dry,43004.96191793609,25087.01297830415,49088.23070144954,28635.697504841653
2022-03-23,North,75016.1172218168,32615.3077589074,39149405.1105405,210.162037037037,ESI_CorA,15.6,,False,dry,49611.75090084327,21570.06499422853,74406.19310033756,32350.12657293899
2022-03-23,South,29049.028430992,15533.8808478941,12425909.2847162,234.861111111111,ESI_CorA,15.1,,False,dry,21469.326778793307,11480.658117655623,90778.52113677764,48543.54197203644
2022-03-28,North,47283.6478921963,25296.368862158,60733753.7415176,205.497685185185,ESI_CorA,16.9,,False,dry,30576.911221303682,16358.39998392366,30231.557414048897,16173.63849267439
2022-03-28,South,51628.6428831375,21014.6812742487,25800943.407639,224.74537037037,ESI_CorA,14.9,,False,dry,36513.8113208007,14862.410944086583,77702.46450533731,31627.647650924548
2022-03-30,North,50877.6941416524,32170.3582577904,24958157.566781,229.618055555556,ESI_CorA,13.2,,False,dry,36762.84885011169,23245.43275865293,79157.95546632406,50052.18552585837
2022-03-30,South,53948.6493983922,31298.5869171567,61636841.3688284,249.12037037037,ESI_CorA,14.2,,False,dry,42292.71064402053,24536.33399195874,33987.55100155724,19718.05283331594
2022-04-04,North,66231.8100708504,22977.3056064435,35436920.580008,262.777777777778,ESI_CorA,13.89,,False,dry,54768.51471936526,19000.430442285462,72575.54727764241,25178.090823267557
2022-04-04,South,20587.05939508,12048.047582253,20373778.2843116,285.173611111111,ESI_CorA,13.37,,False,dry,18474.78342987094,10811.892342822837,39237.59790269203,22962.79606877324
2022-04-06,North,119450.785764984,58876.4442003743,59403871.2574916,226.319444444444,ESI_CorA,14.4,,False,dry,85071.98822333023,41931.37898230613,78082.54016530149,38486.32965973754
2022-04-06,South,24906.7508245356,16752.9263439031,21772971.4765057,260.023148148148,ESI_CorA,13.7,,False,dry,20380.02871352315,13708.135690984878,44420.04997692396,29878.077260998052
2022-04-11,North,23317.5155439927,10182.1215146533,49479283.6017043,224.861111111111,ESI_CorA,14.0,,False,dry,16499.558781445783,7204.906205975616,18299.471301179205,7990.878791995531
2022-04-11,South,10152.3274715255,8814.53990946909,21232169.9823953,277.87037037037,ESI_CorA,13.8,,False,dry,8877.354466549032,7707.572027731511,18567.391976210856,16120.738623541914
2022-04-13,South,23488.9670945282,20656.9323912404,30263374.3856521,252.523148148148,ESI_CorA,15.1,,False,dry,18665.551142323256,16415.069527771255,30138.8196373422,26505.020722916182
2022-04-13,North,64319.1129061847,30346.0498767453,71882272.6455769,235.752314814815,ESI_CorA,16.8,,False,dry,47716.84439035059,22513.024113727115,34745.448106156815,16393.060376271358
2022-04-18,North,40245.265275147,37935.2455778697,41207786.8457897,189.548611111111,ESI_CorA,16.7,,False,dry,24005.519253436596,22627.637360009183,37924.090516512624,35747.3028746488
2022-04-18,South,5754.24255833863,5718.52161316014,11235569.0788948,198.18287037037,ESI_CorA,15.16,,False,dry,3588.6407343941605,3566.363321226579,19887.15968896446,19763.705014643176
2022-04-20,North,49771.7013475191,24526.5025294417,53806567.5044736,200.138888888889,ESI_CorA,16.96,,False,dry,31346.54459014646,15446.952472276831,35919.21767728505,17700.27464133314
2022-04-20,South,25460.2116504951,28429.2658983623,40430011.23578,222.800925925926,ESI_CorA,15.78,,False,dry,17850.67752687433,19932.34246611466,24453.31926614534,27304.95429723864
2022-04-25,North,14805.4056992176,5857.65161096838,24917701.6148151,239.456018518519,ESI_CorA,15.04,3x Nord beschriftet,False,dry,11156.340816889158,4413.925500333741,23072.359077526064,9128.411883130872
2022-04-25,South,5754.24255833863,4070.38579657353,13698074.6764011,301.053240740741,ESI_CorA,15.5,makroskop. unterschieden,False,dry,5451.389017247372,3856.1559062618207,16312.04105298962,11538.668998058933
2022-04-27,North,5754.24255833863,3463.69759101506,17021562.0821752,312.407407407407,ESI_CorA,15.8,,False,dry,5656.987134425464,3405.1558500116294,13127.088770681039,7901.694322245672
2022-04-27,South,7573.55590562536,3463.69759101506,13802879.6351484,229.224537037037,ESI_CorA,15.39,,False,dry,5463.0684663792545,2498.485166326334,21306.38671425412,9744.284092572972
2022-05-02,North,11927.8398134035,3463.69759101506,33799854.8432417,204.224537037037,ESI_CorA,17.3,,False,dry,7665.587084991997,2225.991959597483,13703.346312977226,3979.2827834397985
2022-05-02,South,5754.24255833863,3463.69759101506,1289752.59136509,217.071759259259,ESI_CorA,16.2,schmutzige Pr. KA-Eindicker defekt,False,dry,3930.6755226048317,2366.0231908331402,173245.28592873522,104282.93097525036
2022-05-04,South,5754.24255833863,3463.69759101506,6176559.40558567,223.506944444444,ESI_CorA,16.3,schmutzige Pr. KA-Eindicker defekt,False,dry,4047.202080353071,2436.1649607133418,36176.055599223204,21775.74465467682
2022-05-04,North,44104.7486416478,23861.8688993213,108485339.548941,205.613425925926,ESI_CorA,17.3,-,False,dry,28537.276567282777,15439.442988892963,15786.794991149909,8541.085575161036
2022-05-09,North,34525.9798589322,34067.9248781099,169441173.086096,219.571759259259,ESI_CorA,18.55,WDH,False,dry,23856.031410922857,23539.534267175626,7912.3726639068,7807.399489397835
2022-05-11,North,9047.55029863725,8626.50255701949,2466426.38171041,199.490740740741,ESI_CorA,18.88,am 19.5. aus eingefrorener,False,dry,5679.753039889054,5415.433184076581,142443.4617426748,135814.54055458232
2022-05-11,South,9047.55029863725,8626.50255701949,8393862.23281426,221.377314814815,ESI_CorA,16.88,PEG-Fällung nochmal RNA Extraktion,False,dry,6302.891412970404,6009.572436286419,41855.14393729802,39907.32234491185
2022-05-16,North,9047.55029863725,8626.50255701949,8994118.22431685,459.548611111111,ESI_CorA,18.07,,False,dry,13083.92866377318,12475.039137488995,39061.78495568704,37243.95849479101
2022-05-16,South,9047.55029863725,14029.7713341086,11697487.4111999,494.444444444444,ESI_CorA,17.71,,False,light_rain,14077.457058717791,21829.500470341878,30034.339819670076,46573.37134719788
2022-05-18,North,13385.6522958716,17479.6094390606,18874479.6254756,275.694444444444,ESI_CorA,19.15,,False,dry,11612.968762256533,15164.75655466274,27538.749987986197,35961.38489107449
2022-05-18,South,10654.4939922733,8626.50255701949,8408014.75388321,225.393518518519,ESI_CorA,17.83,,False,dry,7557.009280599165,6118.597460356662,49206.11012688547,39840.1496249745
2022-05-23,North,9047.55029863725,8626.50255701949,6985771.3441806,612.534722222222,ESI_CorA,16.9,,False,light_rain,17439.6362340478,16628.04423305201,50291.699317779436,47951.2639821439
2022-05-23,South,9047.55029863725,8626.50255701949,2620636.41364241,746.30787037037,ESI_CorA,16.6,,False,light_rain,21248.326512246775,20259.48869473436,134061.44786639203,127822.6022121542
2022-05-24,North,9047.55029863725,10021.5645268921,3548949.68238578,623.518518518519,ESI_CorA,18.4,,False,light_rain,17752.358770300707,19663.489347818693,98994.44719884325,109651.69660970531
2022-05-24,South,9047.55029863725,8626.50255701949,11936365.9338116,669.814814814815,ESI_CorA,17.6,,False,light_rain,19070.47272710948,18182.986146952866,29433.27256322668,28063.530198485903
2022-05-30,South,44393.5190249544,39665.7749607472,6443119.9145049,246.25,ESI_CorA,17.49,,False,dry,34401.03547908124,30737.453612606878,267548.8131403192,239055.8632460159
2022-05-30,North,18817.416756228,9856.03207273062,5574118.42823923,230.960648148148,ESI_CorA,17.61,,False,dry,13676.459907036815,7163.3438973793245,131088.16449129555,68660.28266892585
2022-06-01,South,44393.5190249544,48927.9504718782,19324923.4041753,245.011574074074,ESI_CorA,17.86,,False,dry,34228.02782744269,37724.1382768012,89203.41105590564,98314.80301465977
2022-06-01,North_South,63190.0,58730.00000000001,,448.0,AMELAG,,,False,dry,89084.48484050456,82796.83169303424,,
2022-06-01,North,18817.416756228,9856.03207273062,12098322.2980269,202.905092592593,ESI_CorA,19.19,,False,dry,12015.134985229919,6293.188767975808,60396.882759038,31634.18344173155
2022-06-06,North_South,47800.0,16530.0,,453.0,AMELAG,,,False,dry,68139.94868245222,23563.877651065588,,
2022-06-06,North,27589.2817465273,7870.16040944203,46763047.4831514,205.601851851852,ESI_CorA,17.56,,False,dry,17850.201372173826,5091.975551611928,22909.58694535618,6535.223563647395
2022-06-06,South,20230.6004454162,8664.48330067771,35163972.1339119,247.337962962963,ESI_CorA,18.72,,False,dry,15746.181608371313,6743.869415209783,22340.377949728372,9568.07150625666
2022-06-08,South,6609.68339684784,3464.69759101506,5986935.00525585,648.668981481482,ESI_CorA,16.75,,False,light_rain,13492.09815050981,7072.356897170487,42870.22712659768,22471.934544191117
2022-06-08,North_South,14400.0,7560.0,,1299.0,AMELAG,,,False,heavy_rain,58863.67148228353,30903.42752819885,,
2022-06-08,North,7794.36434079695,4098.43796570578,11585385.9288585,650.474537037037,ESI_CorA,17.8,,False,light_rain,15954.628891839444,8389.273829144004,26124.613121380527,13736.861862566426
2022-06-13,North_South,22559.3936980712,9638.75632077986,23188767.3187485,387.592592592593,ESI_CorA,18.67,Wartung Nordzulauf,False,dry,27515.575170769025,11756.340956974343,37777.17092790204,16140.723901353307
2022-06-13,North_South,22600.0,9640.0,,388.0,AMELAG,,,False,dry,27594.07677347146,11770.2168184188,,
2022-06-14,North_South,17400.0,29400.0,,419.0,AMELAG,,,False,dry,22942.40672893338,38764.7561971633,,
2022-06-14,North_South,17382.0607393958,29423.5022222047,29370097.4237648,418.69212962963,ESI_CorA,18.9,Wartung Nordzulauf,False,dry,22901.913183841392,38767.23845120561,22981.350506919713,38901.70606624641
2022-06-20,South,6608.68339684784,3463.69759101506,2991144.07502635,871.724537037037,ESI_CorA,17.88,,False,light_rain,18128.836018239985,9501.560579257788,85794.07274698926,44965.798064839495
2022-06-20,North_South,13220.0,6920.0,,1519.0,AMELAG,,,False,heavy_rain,63192.412031509404,33078.025057340776,,
2022-06-20,North,6609.68339684784,3464.69759101506,2584080.56372642,647.106481481482,ESI_CorA,18.12,,False,light_rain,13459.598672406164,7055.321154800641,99324.01762945563,52064.170694594366
2022-06-22,North_South,61930.2166263995,23780.0662065216,34510628.562093,448.80787037037,ESI_CorA,19.3,Wartung Nordzulauf,False,dry,87465.89951117094,33585.29962418983,69683.41084185321,26757.150444216903
2022-06-22,North_South,61900.0,23800.0,,449.0,AMELAG,,,False,dry,87460.6485691052,33627.842260819125,,
2022-06-27,North_South,63377.6023061514,19891.1766068194,21113117.0326181,422.256944444445,ESI_CorA,19.74,Wartung Nordzulauf,False,dry,84214.77821334315,26430.96244401704,116563.64523614224,36583.71363003909
2022-06-27,North_South,63400.0,19900.0,,422.0,AMELAG,,,False,dry,84193.27676065986,26426.596333393238,,
2022-06-29,North_South,78541.8791778781,35295.8452179016,37903399.1050762,412.476851851852,ESI_CorA,19.68,Wartung Nordzulauf,False,dry,101947.49816069673,45814.069552409615,80464.21894413097,36159.72328596022
2022-06-29,North_South,78500.0,35300.0,,412.0,AMELAG,,,False,dry,101775.34337738504,45766.49199008525,,
2022-07-04,North_South,74011.9106253839,42487.283451107,38911792.677958,380.416666666667,ESI_CorA,19.4,Wartung Nordzulauf,False,dry,88600.63919923783,50862.090166284695,73858.42578586865,42399.173931614394
2022-07-04,North_South,74000.0,42500.0,,380.0,AMELAG,,,False,dry,88489.35303234393,50821.58789019753,,
2022-07-06,North_South,75700.0,36200.0,,378.0,AMELAG,,,False,dry,90045.7838292784,43060.20309933789,,
2022-07-06,North_South,75741.6604212955,36154.5830526079,25950635.0931994,377.75462962963,ESI_CorA,19.9,Wartung Nordzulauf,False,dry,90036.85584510086,42978.26274656293,113335.63995287841,54099.72246059618
2022-07-11,North_South,79065.5083747553,7333.69759101506,89959640.8174432,379.444444444444,ESI_CorA,20.32,Wartung Nordzulauf,False,dry,94408.4722550869,8756.829618635658,34128.64339005858,3165.5921141740123
2022-07-11,North_South,79100.0,7400.0,,379.0,AMELAG,,,False,dry,94339.02793816983,8825.648631383776,,
2022-07-13,North_South,124678.985225271,7333.0,184352543.853769,387.094907407407,ESI_CorA,20.57,Wartung Nordzulauf,False,dry,151875.04519994344,8932.537463622628,26261.757975385055,1544.5864504394872
2022-07-13,North_South,125000.0,4920.0,,387.0,AMELAG,,,False,dry,152228.75010453904,5991.723604114657,,
2022-07-18,North_South,47504.7656333205,3463.69759101506,19848935.3723376,189.594907407407,ESI_CorA,20.9,Wartung Nordzulauf,False,dry,28342.591097145072,2066.532971956152,92935.0704846613,6776.140782236629
2022-07-18,North_South,47500.0,3460.0,,190.0,AMELAG,,,False,dry,28400.299115110385,2068.7375776480408,,
2022-07-20,North_South,75000.0,56830.0,,743.0,AMELAG,,,False,light_rain,175358.07957778685,132874.66216540834,,
2022-07-20,North_South,74988.5435148341,56828.1695968928,187308395.397102,742.627314814815,ESI_CorA,19.85,Wartung Nordzulauf/ WIEDERHOLUNG qPCR,False,light_rain,175243.3477576936,132803.73534833963,15545.952827837347,11781.106852287026
2022-07-25,North_South,53600.0,7400.0,,179.0,AMELAG,,,False,dry,30192.11410858893,4168.3142612604115,,
2022-07-25,North_South,53639.5959097083,7333.0,63407702.8194399,179.340277777778,ESI_CorA,20.59,Wartung Nordzulauf,False,dry,30271.855320898703,4138.426311820391,32849.07528088852,4490.754729775246
2022-07-27,North_South,119899.99999999999,10760.0,,357.0,AMELAG,,,False,dry,134698.60647234562,12088.048420704246,,
2022-07-27,North,64576.3070117594,3464.69759101506,137740310.312679,181.481481481481,ESI_CorA,20.84,,False,dry,36879.17730964397,1978.669928586544,18205.047583931486,976.75118672977
2022-07-27,South,55293.308493838,7333.0,176268230.940202,175.925925925926,ESI_CorA,20.46,,False,dry,30611.042890625216,4059.637298462077,12180.867007080722,1615.4268969612694
2022-08-01,North_South,75800.0,10790.0,,409.0,AMELAG,,,False,dry,97559.19703340445,13887.38437982103,,
2022-08-01,North,65674.89092935,3464.69759101506,72213729.9034372,205.891203703704,ESI_CorA,21.35,,False,dry,42551.302298221126,2244.8060816088123,35315.00348478263,1863.053075063947
2022-08-01,South,10097.0877347984,7333.0,42351248.690952,203.043981481481,ESI_CorA,20.94,,False,dry,6451.518609516044,4685.409021507896,9257.838081744741,6723.495767939828
2022-08-03,South,28832.5454355926,7333.0,25174171.6274805,205.856481481481,ESI_CorA,20.88,,False,dry,18677.69305869272,4750.309802003047,44474.13058164322,11311.134505405029
2022-08-03,North_South,73680.0,10790.0,,417.0,AMELAG,,,False,dry,96685.50628034968,14159.020260110927,,
2022-08-03,North,39860.722423392,3464.69759101506,63123999.9254718,210.914351851852,ESI_CorA,21.52,,False,dry,26456.171773244856,2299.57283856076,24520.556666340042,2131.3289987529324
2022-08-08,North,40813.3066974678,3464.69759101506,73520730.3785687,190.833333333333,ESI_CorA,21.57,,False,dry,24509.345987204444,2080.632001437179,21556.172011347877,1829.933011623805
2022-08-08,North_South,74600.0,8460.0,,393.0,AMELAG,,,False,dry,92258.64702459647,10462.575788580245,,
2022-08-08,South,33786.9387279066,7333.0,138981205.654016,201.5625,ESI_CorA,20.55,,False,dry,21430.59771836611,4651.222602152437,9440.009685752075,2048.8269618947206
2022-08-10,North,112693.280511451,72099.7784945312,319875677.697916,194.143518518519,ESI_CorA,20.02,,False,dry,68848.83900392198,44048.642645415,13680.32682717762,8752.505291316585
2022-08-10,South,41572.5410985833,35907.1193878694,2700660.36540653,209.490740740741,ESI_CorA,20.73,,False,dry,27406.091745366855,23671.245063471113,597745.4390499275,516285.9011341884
2022-08-10,North_South,154600.0,58600.0,,403.0,AMELAG,,,False,dry,196060.56022249468,74315.322309432,,
2022-08-15,North_South,55600.0,20400.0,,365.0,AMELAG,,,False,dry,63862.12412654295,23431.426837796334,,
2022-08-15,North_South,55606.4168373789,50273.2963776693,265061662.685967,364.988425925926,ESI_CorA,21.4,Wartung Nordzulauf,False,dry,63867.46921343142,57742.044736465985,8146.248678649196,7364.955296177869
2022-08-17,North_South,45300.0,24200.0,,389.0,AMELAG,,,False,dry,55452.80342567764,29623.793441531983,,
2022-08-17,North_South,45331.6279011438,59486.1361655524,197036249.227184,389.247685185185,ESI_CorA,20.9,Wartung Nordzulauf,False,dry,55526.85260712054,72864.7539910736,8933.771783715667,11723.284369072282
2022-08-22,North_South,10500.0,7400.0,,387.0,AMELAG,,,False,dry,12787.215008781279,9011.94200618871,,
2022-08-22,North_South,10478.4790138019,14855.65561766,29086425.6954077,386.643518518519,ESI_CorA,21.46,Wartung Nordzulauf,False,dry,12749.25142303595,18074.998124643324,13989.028742051622,19832.667808346792
2022-08-24,North_South,34100.0,13700.0,,399.0,AMELAG,,,False,dry,42815.69304490642,17201.61274824686,,
2022-08-24,North_South,34126.4061503433,33754.7922779682,1917406.22604383,398.576388888889,ESI_CorA,21.2,Wartung Nordzulauf,False,dry,42803.356550226614,42337.25645728959,691124.1875856846,683598.3047104313
2022-08-29,North_South,8631.49496473304,8516.98121952747,78276429.6690419,400.601851851852,ESI_CorA,21.3,Wartung Nordzulauf,False,dry,10881.147003253152,10736.787202249268,4281.881888760188,4225.0743098166495
2022-08-29,North_South,8630.0,7330.0,,401.0,AMELAG,,,False,dry,10890.075027891906,9249.623401442372,,
2022-08-31,North_South,10300.0,7400.0,,456.0,AMELAG,,,False,dry,14780.113560537446,10618.722363881272,,
2022-08-31,North_South,10263.0278964843,8516.98121952747,56275253.1912083,455.717592592593,ESI_CorA,21.26,,False,dry,14717.939297487272,12213.979524481767,7081.703217938058,5876.894608277064
2022-09-05,North_South,27800.0,7760.0,,425.0,AMELAG,,,False,dry,37180.00377230241,10378.303211261391,,
2022-09-05,North_South,27820.6299415927,19088.1448832266,160566687.620475,424.641203703704,ESI_CorA,21.2,,False,dry,37176.18282656257,25507.127821639897,6728.08054136361,4616.235377458674
2022-09-12,North,16897.4525058759,8516.98121952747,69927890.6030294,200.983796296296,ESI_CorA,21.9,,False,dry,10687.053491001754,5386.695647956149,9383.189280722641,4729.496760259935
2022-09-12,South,8631.49496473304,8516.98121952747,8101717.73849251,199.201388888889,ESI_CorA,20.8,,False,dry,5410.707877990005,5338.924203684046,41370.2917498884,40821.433519896564
2022-09-12,North_South,16900.0,8520.0,,218.0,AMELAG,,,False,dry,11593.615734059798,5844.828760602928,,
2022-09-14,North,8294.45067513244,7331.78773772096,2653256.30021724,753.796296296296,ESI_CorA,20.5,,False,light_rain,19675.117363888316,17391.601912741942,121391.44893916773,107302.6257742088
2022-09-14,South,8294.45067513244,7331.78773772096,1946737.02531929,1023.22916666667,ESI_CorA,20.2,,False,heavy_rain,26707.684878842905,23607.962017869162,165447.42433175867,146245.41690143157
2022-09-14,North_South,8290.0,7330.0,,762.0,AMELAG,,,False,light_rain,19878.573019852633,17576.591101992737,,
2022-09-19,North_South,8300.0,15320.0,,565.0,AMELAG,,,False,light_rain,14757.141573441568,27238.48300061745,,
2022-09-19,North_South,8294.45067513244,15319.6141810303,21065847.381512,565.358796296296,ESI_CorA,19.52,,False,light_rain,14756.640122126464,27255.09405427618,15289.326883333222,28238.95133194935
2022-09-21,North_South,14119.764751563,8385.60797499364,12525611.2198639,399.00462962963,ESI_CorA,20.2,,False,dry,17728.87179130349,10529.025893603324,43773.19067435246,25996.524961163723
2022-09-21,North_South,14120.0,8400.0,,399.0,AMELAG,,,False,dry,17728.961460236907,10546.974239800993,,
2022-09-26,North_South,7516.6872050076,16339.8832363581,13707750.0639606,1502.83564814815,ESI_CorA,15.58,,False,heavy_rain,35547.87709222154,77274.48876685319,21293.15283910973,46287.36325401321
2022-09-26,North_South,7520.0,16340.0,,1503.0,AMELAG,,,False,heavy_rain,35567.43321512266,77283.49185307238,,
2022-09-28,North,46986.7535758105,44684.4240800164,30084326.3171316,213.055555555556,ESI_CorA,19.49,,False,dry,31502.42645591781,29958.821927004727,60647.76760133275,57676.0546487167
2022-09-28,North_South,70370.0,64239.99999999999,,459.0,AMELAG,,,False,dry,101642.640816312,92788.45027767347,,
2022-09-28,South,23376.8924663433,19562.6930792247,12335544.9218908,246.145833333333,ESI_CorA,18.38,,False,dry,18107.353126736467,15152.937551707655,73588.18820802549,61581.458794938364
2022-10-03,North_South,57920.0,59060.0,,377.0,AMELAG,,,False,dry,68714.05954899633,70066.51168790959,,
2022-10-03,North,26402.1338394342,24052.4270515442,36669101.0493746,181.828703703704,ESI_CorA,19.5,,False,dry,15106.96330737894,13762.491135408687,27958.7940836427,25470.54943496843
2022-10-03,South,31524.7975081569,35008.1279258262,19366703.2134098,195.173611111111,ESI_CorA,18.3,,False,dry,19361.950555532272,21501.34800282892,63208.61566982513,70192.8474817662
2022-10-05,North,51472.0382967253,10417.207944747,29602747.8232704,185.324074074074,ESI_CorA,20.2,,False,dry,30017.803419599535,6075.1761658212845,67517.91331104614,13664.664665151151
2022-10-05,North_South,141880.0,99430.0,,395.0,AMELAG,,,False,dry,176357.51835883493,123591.965396243,,
2022-10-05,South,90406.9415136159,89012.4149004824,41599213.3056669,209.62962962963,ESI_CorA,18.9,"Stichprobe 05.10. morgens:
 PN-Flasche runtergefallen",False,dry,59638.971847134344,58719.041009652996,84391.03827234583,83089.30693611842
2022-10-10,North_South,53660.0,40989.99999999999,,383.0,AMELAG,,,False,dry,64673.31848730674,49402.8946104119,,
2022-10-10,North,20483.5080607399,7331.78773772096,3033083.40381973,178.37962962963,ESI_CorA,20.04,,False,dry,11498.079272068035,4115.578072091565,262240.43396534433,93865.3277739518
2022-10-10,South,33177.8027005298,33658.1352414637,30951406.140329,204.722222222222,ESI_CorA,19.2,,False,dry,21374.123322224335,21683.56777393405,41624.296515650705,42226.91340051238
2022-10-12,South,31541.0291412244,34200.6724845088,9235204.16066574,209.953703703704,ESI_CorA,18.91,,False,dry,20838.915010832385,22596.120882006384,132620.00179250957,143802.9566471057
2022-10-12,North,116435.681775127,76277.9834783462,72113224.3753714,182.75462962963,ESI_CorA,20.16,,False,dry,66962.27213687389,43867.54137441832,62697.58985554329,41073.71254431804
2022-10-12,North_South,147980.0,110480.0,,393.0,AMELAG,,,False,dry,183008.50652412584,136631.8407946035,,
2022-10-17,North_South,83509.99999999999,79330.00000000001,,968.0,AMELAG,,,False,heavy_rain,254383.85504394193,241650.95462382855,,
2022-10-17,South,45830.7237816727,45134.7168025564,53677399.437147,539.43287037037,ESI_CorA,17.24,,False,light_rain,77798.24965260418,76616.76875391287,33154.68602064262,32651.183327324812
2022-10-17,North,37683.6063019355,34200.6724845088,43638370.9555068,428.726851851852,ESI_CorA,16.77,,False,dry,50840.38683097091,46141.42831925467,33532.319739616134,30433.071502541883
2022-10-19,North,62684.9853544987,68084.3910767109,48770867.1580946,196.30787037037,ESI_CorA,19.46,,False,dry,38723.70865211037,42059.19661464329,49909.4428448537,54208.42017993552
2022-10-19,South,53790.509050223,63469.5850261172,40728106.2839778,219.6875,ESI_CorA,18.62,,False,dry,37186.619883864645,43877.98840775356,51285.088279895404,60513.338293816596
2022-10-19,North_South,116470.0,131550.0,,416.0,AMELAG,,,False,dry,152469.5468788646,172210.6026608967,,
2022-10-24,North_South,33510.0,25119.999999999996,,410.0,AMELAG,,,False,dry,43234.85313821751,32410.012259982806,,
2022-10-24,South,15152.9180702946,13193.2482195461,7952472.15626285,206.643518518519,ESI_CorA,18.8,,False,dry,9853.573638952374,8579.248054084366,73990.12966098526,64421.2647283719
2022-10-24,North,18363.4806261757,11934.5531708342,12502602.6059171,203.425925925926,ESI_CorA,19.0,,False,dry,11755.389028867348,7639.9087005803485,57034.05423314595,37066.826635440324
2022-10-26,South,32107.2802993701,38061.2680644207,44143244.3105845,265.68287037037,ESI_CorA,18.8,,False,dry,26843.724789586595,31821.636573934135,28243.527769766803,33481.01961632341
2022-10-26,North,30765.0153362658,18490.7765913871,56855182.8561966,204.988425925926,ESI_CorA,18.6,,False,dry,19845.506157821896,11927.7957997541,21011.968729124044,12628.877810356504
2022-10-26,North_South,62879.99999999999,56550.0,,471.0,AMELAG,,,False,light_rain,93198.54745004812,83816.44176686104,,
2022-11-01,South,37952.7737780322,38444.8180904736,32606960.8362547,215.717592592593,ESI_CorA,18.8,,False,dry,25763.495738649643,26097.510364851965,45197.33942175222,45783.30697000107
2022-11-01,North_South,67030.0,47670.0,,417.0,AMELAG,,,False,dry,87959.14068908576,62554.26281737608,,
2022-11-01,North,19028.7526456594,9226.54706470955,34405167.4531588,200.972222222222,ESI_CorA,19.5,,False,dry,12034.333952589726,5835.135422359343,21476.638910301743,10413.463424933014
2022-11-02,North,48000.8172277343,42784.4957637071,94315198.890168,195.05787037037,ESI_CorA,19.5,,False,dry,29463.73591525754,26261.867135898814,19762.715425115624,17615.071226259595
2022-11-02,South,42834.2935438494,48578.5043647165,58178363.1379629,223.634259259259,ESI_CorA,18.8,,False,dry,30144.330825834983,34186.77852350274,28589.712032697196,32423.68055736952
2022-11-02,North_South,90830.0,91360.0,,419.0,AMELAG,,,False,dry,119762.00018327696,120460.82061812378,,
2022-11-07,North,20784.775673475,7900.62913482428,25814140.4003558,188.159722222222,ESI_CorA,19.37,,False,dry,12306.872700753447,4678.041204083395,31265.641533503607,11884.575628776645
2022-11-07,South,24491.5197550348,15265.6199499623,22670222.7322922,208.75,ESI_CorA,8.4,,False,dry,16088.587714687825,10028.053303371162,41950.73925947916,26147.991164309922
2022-11-07,North_South,42450.0,17200.000000000004,,403.0,AMELAG,,,False,dry,53834.2223896824,21812.688459423734,,
2022-11-09,North_South,30620.0,16300.0,,661.0,AMELAG,,,False,light_rain,63691.62792642587,33905.07952974336,,
2022-11-09,North,11971.6912735163,6930.54204149778,46486303.1569515,194.803240740741,ESI_CorA,19.37,,False,dry,7338.8394990468205,4248.533855568543,10000.234155404409,5789.244113918382
2022-11-09,South,46076.8274561186,24145.9948521841,40669070.8616554,209.31712962963,ESI_CorA,18.17,,False,dry,30350.303823607643,15904.703521199983,43994.45973871263,23054.755655372555
2022-11-14,North_South,35960.0,23490.000000000004,,378.0,AMELAG,,,False,dry,42774.72108983952,27941.55167965324,,
2022-11-14,North,27578.652380882,15289.6113205185,57073875.3537484,182.881944444444,ESI_CorA,19.2,,False,dry,15871.558525128548,8799.195752882415,18763.564688202267,10402.524645072725
2022-11-14,South,8355.39911722742,8176.86761765229,23709208.4619622,195.115740740741,ESI_CorA,18.0,,False,dry,5130.210798439951,5020.592548715222,13684.527770565357,13392.127703305945
2022-11-16,North,15339.7857672635,14718.9773567869,46490041.5005887,385.405092592593,ESI_CorA,17.96,,False,dry,18604.26199568758,17851.33868288088,12812.65201293221,12294.117904906187
2022-11-16,North_South,28140.0,26759.999999999996,,744.0,AMELAG,,,False,light_rain,65882.90374756891,62651.972433722236,,
2022-11-16,South,12792.8392962189,12044.2141066185,28882386.2336261,358.645833333333,ESI_CorA,17.28,,False,dry,14438.046543623317,13593.145339058505,17199.409767586832,16192.916126876416
2022-11-21,South,21665.2279700516,9325.06655316729,18732362.2193492,215.439814814815,ESI_CorA,,Stromausfall d.h. kein pH und LF,False,dry,14688.076771893604,6321.98717803809,44910.75817237463,19330.320894361572
2022-11-21,North_South,17640.0,15500.0,,687.0,AMELAG,,,False,light_rain,38135.63843549096,33509.20610828287,,
2022-11-21,North,11038.2495428622,9325.06655316729,20710456.7235294,236.5625,ESI_CorA,,Stromausfall d.h. kein pH und LF,False,dry,8217.161311096237,6941.823140212765,20696.180438101714,17484.045747675187
2022-11-23,North_South,31320.0,33170.0,,671.0,AMELAG,,,False,light_rain,66133.26693843852,70039.60614137948,,
2022-11-23,South,18622.9145619239,9325.06655316729,13284836.6648778,466.099537037037,ESI_CorA,15.9,,False,light_rain,27315.051640713576,13677.487141225512,54434.10693684903,27256.832879756446
2022-11-23,North,8263.8682427235,9325.06655316729,24262692.6026816,427.928240740741,ESI_CorA,15.3,,False,dry,11128.331033800561,12557.36713944355,13225.864190611452,14924.253409920972
2022-11-28,South,6542.63609304288,6190.87849759308,2764836.36987272,449.513888888889,ESI_CorA,15.24,,False,dry,9254.89686895273,8757.317571791391,91888.88927166015,86948.58474010866
2022-11-28,North,6542.63609304288,6190.87849759308,1869449.62270205,404.351851851852,ESI_CorA,12.7,,False,dry,8325.07021509173,7877.482019880118,135899.75357468327,128593.25358601919
2022-11-28,North_South,21250.0,18910.0,,955.0,AMELAG,,,False,heavy_rain,63861.337414656104,56829.07720052457,,
2022-11-30,South,23062.5151253122,23771.1280122249,19863143.9680032,242.719907407407,ESI_CorA,16.11,,False,dry,17615.207754320323,18156.448080994665,45085.65136905171,46470.94145564328
2022-11-30,North,15850.6193875817,6190.87849759308,20710882.0638192,205.324074074074,ESI_CorA,16.26,,False,dry,10241.458609762156,4000.072447695019,29718.529238351017,11607.357362068904
2022-11-30,North_South,40230.0,20710.0,,447.0,AMELAG,,,False,dry,56589.161543512266,29131.532079695226,,
2022-12-05,South,14710.4469460043,12723.7679373313,18688851.7643875,550.798611111111,ESI_CorA,14.09,,False,light_rain,25497.312574416006,22053.843055434092,30564.895778347043,26437.03772834988
2022-12-05,North,6754.81802118394,6190.87849759308,7142730.47477578,539.641203703704,ESI_CorA,13.92,,False,light_rain,11470.819851079377,10513.155460754253,36722.231254387545,33656.402162642014
2022-12-05,North_South,17830.0,13920.000000000002,,771.0,AMELAG,,,False,light_rain,43259.49295451351,33772.974869704325,,
2022-12-07,North_South,47129.99999999999,23820.0,,488.0,AMELAG,,,False,light_rain,72375.73135512845,36579.45938636028,,
2022-12-07,South,24384.5260672579,14513.0853862612,21688499.5538851,242.060185185185,ESI_CorA,14.93,,False,dry,18574.339697041607,11055.001736472123,43658.06486857347,25984.233668880508
2022-12-07,North,12387.9600086844,10901.1302048424,23142427.9762305,259.212962962963,ESI_CorA,15.4,,False,dry,10104.904526506807,8892.091988812488,20785.981882095297,18291.20329524537
2022-12-12,South,11084.4037204089,7731.64249411948,2362116.85905271,230.833333333333,ESI_CorA,15.4,,False,dry,8051.681032752959,5616.244300747296,182217.7277325106,127101.31843398797
2022-12-12,North_South,36470.0,25470.0,,679.0,AMELAG,,,False,light_rain,77925.79490596824,54421.99057458215,,
2022-12-12,North,26706.8237511192,12051.0204348353,20787914.3833859,195.011574074074,ESI_CorA,15.2,,False,dry,16389.221761647856,7395.370119682946,49887.41391530097,22510.88523805399
2022-12-14,North,15842.2735326912,7731.64249411948,4081107.77309514,193.321759259259,ESI_CorA,14.7,,False,dry,9637.712119991367,4703.576441806162,150736.7385670108,73565.36111592439
2022-12-14,North_South,46750.0,98660.00000000001,,622.0,AMELAG,,,False,light_rain,91505.60640650829,193111.08295328575,,
2022-12-14,South,34734.1147659397,12916.3954222189,3741085.91572381,229.143518518519,ESI_CorA,15.2,,False,dry,25046.065723757674,9313.750784752012,360527.3558035018,134067.44117317806
2022-12-19,North_South,17180.0,15430.0,,979.0,AMELAG,,,False,heavy_rain,52927.52120585561,47536.18464530571,,
2022-12-19,North,9453.41416849233,7731.64249411948,11609043.4058326,475.358796296296,ESI_CorA,11.73,,False,light_rain,14141.188900309744,11565.622226032508,31620.732113777907,25861.5767540252
2022-12-19,South,9759.10382461447,13418.5615333152,14762466.9043126,483.946759259259,ESI_CorA,13.87,,False,light_rain,14862.20433151877,20435.2168936031,25670.283907940917,35296.09791911234
2022-12-21,North,37019.8375028303,42107.0359757363,71687147.2674583,362.418981481481,ESI_CorA,9.9,Inhibition 1/4 verdünnt im neuen Jahr,False,dry,42220.283692299505,48022.11798475698,20052.701095385117,22808.306664488016
2022-12-21,South,30911.0725656655,30926.5699764779,10889791.6916363,428.935185185185,ESI_CorA,13.87,Inhibition 1/4 verdünnt im neuen Jahr,False,dry,41723.56901515848,41744.48732163955,110223.4937852386,110278.7548494006
2022-12-21,North_South,78470.0,66050.0,,591.0,AMELAG,,,False,light_rain,145937.47808238922,122838.9247781548,,
2023-01-02,North,7727.76814141638,7731.64249411948,11756801.8403809,460.949074074074,ESI_CorA,13.74,,False,dry,11209.40946841408,11215.029358281292,25523.754315627928,25536.55076923735
2023-01-02,South,7727.76814141638,7731.64249411948,4630795.87738357,504.375,ESI_CorA,14.65,,False,light_rain,12265.44583474486,12271.595173383774,64800.46403620585,64832.952051944216
2023-01-02,North_South,14200.0,16230.0,,690.0,AMELAG,,,False,light_rain,30832.81226923563,35240.601628851706,,
2023-01-04,North,30150.6424881526,9787.48919090105,44551287.7568015,206.215277777778,ESI_CorA,13.48,,False,dry,19565.59736796703,6351.376188011471,26279.432334371824,8530.818539497053
2023-01-04,North_South,36650.0,18189.999999999996,,776.0,AMELAG,,,False,light_rain,89497.6029865247,44419.13774419874,,
2023-01-04,South,41448.5269517564,23943.4740144044,58349778.4555403,229.398148148148,ESI_CorA,15.2,,False,dry,29920.904079224383,17284.338961967318,27583.511933762686,15934.103085998184
2023-01-09,North_South,15200.0,17000.0,,517.0,AMELAG,,,False,light_rain,24729.186766336115,27657.64309392855,,
2023-01-09,North,6542.63609304288,8480.21671392682,20224328.50922,225.243055555556,ESI_CorA,13.91,,False,dry,4637.456819781898,6010.824730882771,12561.986566311543,16282.178456025758
2023-01-09,South,6542.63609304288,8480.21671392682,19991778.4396148,228.738425925926,ESI_CorA,14.91,,False,dry,4709.421876026387,6104.1020069079705,12708.11117744602,16471.57740043233
2023-01-11,South,6542.63609304288,8480.21671392682,17535885.9518601,570.219907407407,ESI_CorA,14.4,,False,light_rain,11740.07425827009,15216.859463357521,14487.876104061015,18778.41398172869
2023-01-11,North_South,15070.0,17000.0,,1087.0,AMELAG,,,False,heavy_rain,51548.79288992172,58150.595828047066,,
2023-01-11,North,6542.63609304288,8480.21671392682,7567391.93657706,606.967592592593,ESI_CorA,13.3,,False,light_rain,12496.660528390215,16197.50632223184,33572.69521319528,43515.14084380293
2023-01-16,North_South,17200.0,17000.0,,671.0,AMELAG,,,False,light_rain,36318.39691382958,35896.089972971095,,
2023-01-16,North,8566.48003055999,8480.21671392682,35049586.8152888,379.12037037037,ESI_CorA,12.43,,False,dry,10220.102002415846,10117.186932058758,9490.720304121922,9395.150010634901
2023-01-16,South,8566.48003055999,8480.21671392682,35472715.5519596,291.527777777778,ESI_CorA,13.01,,False,dry,7858.832862280216,7779.695458685322,9377.51226718726,9283.08196360282
2023-01-18,South,8566.48003055999,8480.21671392682,9214366.34173806,299.502314814815,ESI_CorA,12.95,,False,dry,8073.805700223326,7992.503548689854,36100.781421308246,35737.25134508771
2023-01-18,North_South,18960.0,17000.0,,705.0,AMELAG,,,False,light_rain,42063.2817963277,37714.967855357114,,
2023-01-18,North,10390.0842424061,8480.21671392682,19545866.3655813,225.034722222222,ESI_CorA,14.3,,False,dry,7357.737779104867,6005.265158139529,20641.621685280934,16847.353797541226
2023-01-23,North_South,12830.0,10260.0,,454.0,AMELAG,,,False,dry,18329.820530933768,14658.141749600973,,
2023-01-23,North_South,12829.1101161556,10256.1430748334,43586369.2735735,454.050925925926,ESI_CorA,15.13,,False,dry,18330.60512513733,14654.27509075117,11429.45466581764,9137.198235778722
2023-01-25,North_South,8566.48003055999,8480.21671392682,22498623.9048349,426.099537037037,ESI_CorA,14.37,,False,dry,11486.53850344791,11370.870585655864,14785.16315691026,14636.278526778897
2023-01-25,North_South,8600.0,8500.0,,426.0,AMELAG,,,False,dry,11528.790674583757,11394.734969065341,,
2023-01-30,North_South,104770.0,67990.0,,427.0,AMELAG,,,False,dry,140779.85788918327,91358.4283467173,,
2023-01-30,North,34549.8451016169,11807.3464807058,41886357.006421,211.643518518519,ESI_CorA,11.94,,False,dry,23010.53843783475,7863.8094973803145,32029.72317305112,10946.099412978481
2023-01-30,South,70217.5057729534,56181.1378874964,23156584.7606418,214.675925925926,ESI_CorA,14.2,,False,dry,47435.60531803806,37953.303151591885,117747.19257434749,94209.71578334046
2023-02-01,North,45459.1918560932,20813.9478004862,16778251.1771036,232.766203703704,ESI_CorA,13.56,,False,dry,33297.937814991645,15245.795432066745,105209.43532867746,48171.19719113978
2023-02-01,South,14225.2547736888,17029.0226641146,16317520.4004307,268.75,ESI_CorA,14.22,,False,dry,12030.51530065152,14401.70464255574,33852.09566572989,40524.27274523984
2023-02-01,North_South,59690.0,37840.0,,502.0,AMELAG,,,False,light_rain,94293.33571178187,59776.5090188277,,
2023-02-06,North,30607.1653453069,10085.1496652748,23737088.1841361,214.270833333333,ESI_CorA,13.6,,False,dry,20637.727410485168,6800.190979391074,50069.74008696761,16498.124435293546
2023-02-06,South,19327.0369017964,14838.969079564,17498462.2216601,232.673611111111,ESI_CorA,12.3,,False,dry,14151.031886971521,10864.920767817071,42888.91524884724,32929.37714495339
2023-02-06,North_South,49940.0,24930.0,,447.0,AMELAG,,,False,dry,70247.64423273683,35067.55648222125,,
2023-02-08,North,48126.6323612037,32345.5853210276,36490873.3116877,207.627314814815,ESI_CorA,14.1,,False,dry,31444.570283521014,21133.683806402933,51213.078945512854,34419.96527311509
2023-02-08,South,50950.5921214481,39436.8388364541,49694646.4716089,233.958333333333,ESI_CorA,13.94,,False,dry,37511.41595731919,29034.631474150265,39812.48633930018,30815.708749743328
2023-02-08,North_South,99080.00000000001,71789.99999999999,,442.0,AMELAG,,,False,dry,137811.02750755797,99853.18595849398,,
2023-02-13,North,26858.1821532109,32084.6212974183,12196170.7037047,202.673611111111,ESI_CorA,13.56,,False,dry,17129.690807637136,20463.024614612656,85513.12764929571,102153.46299069755
2023-02-13,South,26858.1821532109,32084.6212974183,1152382.28857452,233.796296296296,ESI_CorA,14.39,,False,dry,19760.136732012445,23605.33934185228,905023.1963462343,1081135.2143829495
2023-02-13,North_South,53720.0,64099.99999999999,,437.0,AMELAG,,,False,dry,73874.26015719114,88148.5494429626,,
2023-02-15,South,48473.6492153358,46626.2874359088,20007198.2448201,238.900462962963,ESI_CorA,14.6,,False,dry,36441.68171244089,35052.865911209476,94080.39037380295,90494.92651491218
2023-02-15,North,66853.1059083879,48412.5208304847,25213892.3912179,209.467592592593,ESI_CorA,14.1,,False,dry,44067.06577196933,31911.722135203487,102958.30029647349,74558.55326459758
2023-02-15,North_South,115320.0,95039.99999999999,,448.0,AMELAG,,,False,dry,162576.71770544368,133986.2231245696,,
2023-02-20,North_South,104530.0,64940.0,,394.0,AMELAG,,,False,dry,129602.34980631362,80516.37421239843,,
2023-02-20,South,51728.0307433895,16156.8696122179,8410832.53745681,184.548611111111,ESI_CorA,14.36,,False,dry,30040.864749346023,9383.042961779156,238817.76508192418,74592.97089137751
2023-02-20,North,52800.4467131122,48781.7182839241,18668723.9311665,209.479166666667,ESI_CorA,14.5,,False,dry,34806.00177064143,32156.860001405,109825.3595804183,101466.37168795361
2023-02-22,South,76916.2095416038,68989.7694965779,16989306.0810004,268.726851851852,ESI_CorA,10.9,,False,dry,65043.610701990096,58340.67664408566,175801.22773590143,157684.39774915023
2023-02-22,North_South,163030.0,139899.99999999997,,541.0,AMELAG,,,False,light_rain,277549.53060636204,238171.98878629724,,
2023-02-22,North,86105.7109673113,70910.0304949673,16399232.3221604,271.747685185185,ESI_CorA,12.8,,False,dry,73633.17272929987,60638.608810257036,203886.33027460496,167905.0754573969
2023-02-27,North_South,162190.0,170990.0,,463.0,AMELAG,,,False,light_rain,236309.27531757625,249130.790964624,,
2023-02-27,South,107441.349597117,117837.296297405,47605697.8059329,241.296296296296,ESI_CorA,14.0,,False,dry,81582.65117582252,89476.5290587079,87637.94594853913,96117.72974146515
2023-02-27,North,54748.4663924568,53151.6071383372,25089264.5117999,221.770833333333,ESI_CorA,13.1,,False,dry,38207.80513931387,37093.39059518851,84735.1687270333,82263.68144625364
2023-03-01,South,58426.7196469928,84472.7549641253,26535537.7515499,226.388888888889,ESI_CorA,13.7,,False,dry,41623.85645262462,60179.346847268294,85499.442119297,123614.2208111203
2023-03-01,North_South,119630.0,131610.0,,435.0,AMELAG,,,False,dry,163758.95686051913,180158.12348418392,,
2023-03-01,North,61294.2294427104,47136.0700983111,34147406.6522667,208.935185185185,ESI_CorA,13.6,,False,dry,40300.16976386042,30991.36157244043,69701.40520799403,53601.29904081086
2023-03-06,North_South,203520.0,163040.0,,424.0,AMELAG,,,False,dry,271549.279045394,217538.2982289752,,
2023-03-06,South,156594.082721956,134195.226902168,117195911.132048,223.576388888889,ESI_CorA,14.3,,False,dry,110173.45984192345,94414.50267527156,51885.08803245893,44463.564908245084
2023-03-06,North,49929.1146872181,28835.994735645,22020994.3893574,200.37037037037,ESI_CorA,13.76,,False,dry,31482.054757085323,18182.104187699566,88043.36031309242,50848.44564942323
2023-03-08,North_South,58660.0,59530.0,,1821.0,AMELAG,,,False,heavy_rain,336145.8144525446,341131.27061643335,,
2023-03-08,South,31131.9536935164,30690.674071438,12527955.8859262,949.31712962963,ESI_CorA,9.14,schmutziger als Süd bestimmt!!,False,heavy_rain,93002.23740804016,91683.97795731983,96495.22672064656,95127.45592158732
2023-03-08,North,27525.7449595129,28835.994735645,1431488.47672967,872.210648148148,ESI_CorA,7.8,Beide Proben waren mit Nord beschriftet,False,light_rain,75550.29586965003,79146.55669367223,746673.770917337,782216.1020196254
2023-03-13,North_South,64920.0,57360.0,,448.0,AMELAG,,,False,dry,91523.41756362647,80865.42254235389,,
2023-03-13,South,33785.2895363594,26665.6130582722,14654957.1717636,230.289351851852,ESI_CorA,13.8,,False,dry,24483.708834290603,19324.182653636228,89520.55418630809,70655.61643700537
2023-03-13,North,31131.9536935164,30690.674071438,43332258.085164,217.951388888889,ESI_CorA,12.43,,False,dry,21352.155333765797,21049.499383259044,27898.106329533828,27502.664850370777
2023-03-15,South,9662.50022587258,7672.6685178595,36722611.1391365,377.361111111111,ESI_CorA,11.48,,False,dry,11474.1986011369,9111.277652431858,10217.287964291394,8113.206920462859
2023-03-15,North,21997.9105258647,10377.6542255221,23292109.8707488,373.206018518519,ESI_CorA,10.88,,False,dry,25834.839843618647,12187.750038967713,36673.49258117745,17300.95341565398
2023-03-15,North_South,31660.0,18050.0,,750.0,AMELAG,,,False,light_rain,74721.89501255358,42600.448672665574,,
2023-03-20,North_South,19480.0,15440.0,48700000.0,465.0,AMELAG,,,False,light_rain,28504.77445368342,22593.10665117413,15532.439183994707,12311.132494911615
2023-03-20,South,11701.7897359745,7720.35198397311,30265251.7414054,239.363425925926,ESI_CorA,14.37,,False,dry,8814.25855585021,5815.279548196662,15013.697801929906,9905.41055916943
2023-03-20,North,7782.9884233791,7720.35198397311,18364200.5674477,225.578703703704,ESI_CorA,12.76,,False,dry,5524.846097593008,5480.382882566272,16457.12726669922,16324.682529695521
2023-03-22,South,7782.9884233791,7720.35198397311,4888442.45473762,255.127314814815,ESI_CorA,14.52,,False,dry,6248.5470769236845,6198.259614182056,61823.778982358526,61326.22956105326
2023-03-22,North,30268.1622395988,7720.35198397311,36427888.7215376,260.416666666667,ESI_CorA,14.2,,False,dry,24804.503152969082,6326.76320460447,32265.003936385776,8229.676621307744
2023-03-22,North_South,38080.0,15440.0,66700000.0,512.0,AMELAG,,,False,light_rain,61353.96075737868,24876.71097935732,22169.238535476703,8988.787893586143
2023-03-27,South,10614.6088182339,7720.35198397311,9839446.83731609,256.585648148148,ESI_CorA,14.0,,False,dry,8570.616410776864,6233.689488127831,41890.25273906654,30468.150205180824
2023-03-27,North,9054.58903707778,7720.35198397311,13475725.2821376,253.043981481481,ESI_CorA,12.75,,False,dry,7210.0862423201825,6147.6455085452035,26091.332861485633,22246.65002429343
2023-03-27,North_South,19650.0,15440.0,41290000.0,510.0,AMELAG,,,False,light_rain,31536.132696075205,24779.536327094207,18479.80321902979,14520.517134952668
2023-03-29,North_South,33600.0,15440.0,18390000.0,488.0,AMELAG,,,False,light_rain,51598.22986489107,23710.615152199945,70947.51992689262,32602.074633072087
2023-03-29,North,22996.7437534177,8919.9390865953,72012906.0492571,236.446759259259,ESI_CorA,13.97,,False,dry,17111.00095357194,6636.986864449126,12400.399573360764,4809.8465604453995
2023-03-29,South,10614.6088182339,9043.48198790228,23528554.7764664,252.488425925926,ESI_CorA,14.55,,False,dry,8433.758717177025,7185.431545822567,17518.156926495343,14925.197841851848
2023-04-03,North_South,16082.0,23731.0,27280000.0,468.0208333333333,AMELAG,13.58,,False,light_rain,23685.41218131162,34950.78450906019,22891.55855544381,33779.3543140926
2023-04-05,North_South,11830.0,18555.0,13310000.0,468.75,AMELAG,13.76,,False,light_rain,17450.253040084273,27370.1982382725,34513.2899223624,54133.059552783954
2023-04-10,North_South,19259.0,41608.0,140720000.0,686.1689814814815,AMELAG,13.24,,False,light_rain,41585.36506951402,89842.87189430081,5314.440844310582,11481.554320062034
2023-04-12,North_South,13156.0,18555.0,36990000.0,1109.675925925926,AMELAG,6.8,,False,heavy_rain,45940.501587214036,64793.706822039865,13810.811699421085,19478.535351380222
2023-04-17,North_South,10965.0,7246.0,31540000.0,492.0,AMELAG,14.21,,False,light_rain,16976.550211658196,11218.61220553354,13499.777715004913,8921.056937795312
2023-04-19,North_South,9055.0,7246.0,22370000.0,426.0,AMELAG,14.91,,False,dry,12138.744134692548,9713.676421864408,15718.175772359418,12578.012329819587
2023-04-24,North_South,8734.0,17545.0,3073000.0,953.0,AMELAG,9.6,,False,heavy_rain,26192.79185431795,52616.502528510246,110364.72814270238,221702.44507255708
2023-04-26,North_South,77629.0,134617.0,84121000.0,423.0,AMELAG,10.1,,False,dry,103333.24375212415,179190.91156886853,35834.32559688797,62140.55841085507
2023-05-01,North_South,34937.0,39117.0,49752000.0,409.0,AMELAG,15.42,,False,dry,44966.037820000674,50345.95132395359,27268.091120518926,30530.552719504794
2023-05-03,North_South,8734.0,9779.0,5616700.0,451.0,AMELAG,16.07,,False,dry,12395.539481949,13878.632996791765,60382.57510326783,67607.190512349
2023-05-08,North_South,8409.0,9779.0,115340000.0,512.0,AMELAG,10.9,,False,light_rain,13548.462605273038,15755.787348907723,2831.0274210640605,3292.2603342353964
2023-05-10,North_South,8409.0,9779.0,15740000.0,1160.0,AMELAG,10.3,,False,heavy_rain,30695.735590071727,35696.70571236906,20745.279716996745,24125.114799918083
2023-05-15,North_South,8734.0,9867.0,2913000.0,686.0,AMELAG,8.0,,False,light_rain,18854.412604472313,21300.262098503357,116426.6424931426,131529.8467460314
2023-05-17,North_South,8734.0,9867.0,140900.0,677.0,AMELAG,7.0,,False,light_rain,18607.05150616291,21020.812595753312,2407032.0055537573,2719279.2304555676
2023-05-22,North_South,6071.0,9867.0,21776000.0,455.0,AMELAG,17.2,,False,dry,8692.552714367312,14127.724861252227,10825.844770163469,17594.89546157189
2023-05-24,North_South,6071.0,9867.0,18496000.0,458.0,AMELAG,16.9,,False,dry,8749.866248747756,14220.874695502242,12745.652882519447,20715.097511418116
2023-05-29,North_South,6071.0,6804.0,70205000.0,399.0,AMELAG,9.3,,False,dry,7622.700072599027,8543.049134238805,3357.931710206961,3763.3614488960898
2023-05-31,North_South,6071.0,6804.0,16904000.0,449.0,AMELAG,12.5,,False,dry,8577.925645606425,9613.606669857701,13946.024356074284,15629.838530510528
2023-06-05,North_South,6071.0,6804.0,23234000.0,468.0,AMELAG,17.15,,False,light_rain,8940.911363349234,10020.418533392884,10146.492025268128,11371.558514235601
2023-06-07,North_South,6071.0,6804.0,28161000.0,433.0,AMELAG,17.02,,False,dry,8272.253462244058,9271.028258459655,8371.27927683959,9382.010245365931
2023-06-12,North_South,10000.0,6800.0,32500000.0,423.0,AMELAG,17.76,,False,dry,13311.165125420159,9051.592285285707,11948.03014153439,8124.660496243386
2023-06-14,North_South,10000.0,6800.0,6810000.0,410.0,AMELAG,16.8,,False,dry,12902.074944260674,8773.410962097258,57020.701850200836,38774.07725813657
2023-06-19,North_South,10043.0,7919.0,125288354.0,365.0,AMELAG,9.0,,False,dry,11535.383320195519,9095.758290613196,3112.665338489059,2454.365908144465
2023-06-21,North_South,10043.0,7919.0,38357943.0,896.0,AMELAG,5.8,,False,heavy_rain,28316.995766836124,22328.217612025815,10166.88295334677,8016.682874395407
2023-06-26,North_South,17891.0,7919.0,101551206.0,422.0,AMELAG,9.4,,False,dry,23758.705276419016,10516.191777092516,6841.1513852639355,3028.0631501819407
2023-06-28,North_South,17891.0,7919.0,59643486.0,410.0,AMELAG,19.6,,False,dry,23083.10228277677,10217.153148360027,11647.997462826423,5155.692354151385
2023-07-03,North_South,12096.0,7919.0,21942000.0,416.0,AMELAG,11.0,,False,dry,15834.73546017641,10366.672462726272,21406.47894102634,14014.37721015109
2023-07-10,North_South,9918.0,16877.0,48962900.0,408.0,AMELAG,9.4,,False,dry,12733.857061767892,21668.613191314453,7865.686664130367,13384.673707453943
2023-07-12,North_South,5327.0,11961.0,53640900.0,417.0,AMELAG,9.0,,False,dry,6990.2781210019375,15695.647945429731,3856.260033535036,8658.668342615461
2023-07-26,North_South,3565.0,22025.0,33537000.0,629.0,AMELAG,18.25,,False,light_rain,7056.443737533164,43595.56053833602,4127.765280953957,25501.83178485579
2023-07-31,North_South,3225.0,8551.0,23575000.0,1380.0,AMELAG,18.24,,False,heavy_rain,14005.045009617592,37133.9968611597,5311.995373105296,14084.611607883218
2023-08-02,North_South,2502.0,5926.0,9899000.0,1444.0,AMELAG,18.97,,False,heavy_rain,11369.207741760989,26928.027608983062,9814.668865126467,23246.09420253375
2023-08-07,North_South,14742.0,61648.0,53044000.0,596.0,AMELAG,18.51,,False,light_rain,27648.9326199174,115622.12713014978,10791.94717830716,45129.694725836365
2023-08-09,North_South,23305.0,109149.0,46961000.0,536.0,AMELAG,6.5,,False,light_rain,39308.78320115447,184102.74094069123,19270.431591267046,90253.0932312897
2023-08-14,North_South,2333.0,13905.0,10640000.0,833.0,AMELAG,9.0,,False,light_rain,6115.548908256538,36449.510316891196,8514.37514479785,50746.84371556542
2023-08-16,North_South,6210.0,75272.0,26741000.0,628.0,AMELAG,20.1,,False,light_rain,12272.327813078857,148754.0513922821,9017.655223496422,109303.85571385229
2023-08-23,North_South,7799.0,7188.0,17829000.0,406.0,AMELAG,15.0,,False,dry,9964.159192940811,9183.533309252283,16986.019013401583,15655.27691605726
2023-08-30,North_South,37676.0,3821.0,14494000.0,1042.0,AMELAG,7.9,,False,heavy_rain,123540.17457930821,12529.116866640214,100938.35012698092,10236.8997726721
2023-09-04,North_South,69056.0,8332.0,39746000.0,422.0,AMELAG,20.08,,False,dry,91704.27318586952,11064.6432487353,67466.41928055267,8140.208026030537
2023-09-06,North_South,92074.0,10029.0,40240000.0,423.0,AMELAG,20.24,,False,dry,122561.22177579356,13349.767504283876,88850.26127156615,9677.859876757138
2023-09-11,North_South,14212.0,1033.0,11325000.0,433.0,AMELAG,20.26,,False,dry,19365.057849680867,1407.5502926203444,48730.02774457677,3541.9447410742896
2023-09-13,North_South,35004.0,2825.0,25201000.0,479.0,AMELAG,19.64,,False,light_rain,52762.92849173741,4258.235429926814,53936.10384474334,4352.916619854872
2023-09-18,North_South,22396.0,9659.0,2698000.0,906.0,AMELAG,8.8,,False,heavy_rain,63851.9786900502,27538.232816895645,322335.5336960206,139017.63350463758
2023-09-20,North_South,29134.0,58687.0,4317000.0,418.0,AMELAG,10.0,,False,dry,38322.34719417215,77195.83956148764,262058.19040219008,527885.2550330654
2023-09-25,North_South,42736.0,79770.0,16248000.0,458.0,AMELAG,8.1,,False,dry,61593.52396746567,114969.00521538602,102134.7736594039,190642.33655023045
2023-09-27,North_South,24232.0,46786.0,11904000.0,433.0,AMELAG,11.0,,False,dry,33018.15942959941,63749.90124930826,79045.29282311823,152616.91441162137
2023-10-03,North_South,16095.002942092005,2417.5271790600036,3167000.0,1195.0,AMELAG,19.37,,False,heavy_rain,60524.982037420894,9091.069421610491,197343.4278214872,29641.690783394213
2023-10-04,North_South,22758.426457821526,6448.622050335633,6904000.0,456.0,AMELAG,9.1,,False,dry,32657.488107353605,9253.530700286066,128003.28609484682,36269.8543660941
2023-10-09,North_South,12395.357614426952,128490.801621287,14844000.0,385.0,AMELAG,9.4,,False,dry,15017.425772528233,155671.27111802454,32425.582442392944,336124.95989715855
2023-10-11,North_South,38088.0,377750.0014912551,35995000.0,358.0,AMELAG,12.0,,False,dry,42908.85231969907,425562.35632625414,41089.00844839495,407513.46887879085
2023-10-16,North_South,45831.0,334905.0,13432000.0,420.0,AMELAG,9.5,,False,dry,60573.73137648112,442635.8906993173,132494.64343390067,968190.0582407214
2023-10-18,North_South,52218.0,474447.0,18481000.0,1066.0,AMELAG,12.8,,False,heavy_rain,175167.34285424498,1591551.1952807074,109717.12966152205,996877.7627737592
2023-10-23,North_South,106285.0,54787.0,17501000.0,586.0,AMELAG,11.0,,False,light_rain,195995.13726198464,101030.11323490946,235824.42412874658,121561.01730951347
2023-10-25,North_South,95559.0,62492.0,12600000.0,1355.0,AMELAG,8.9,,False,heavy_rain,407461.51447710017,266464.5398413854,294496.8960284425,192589.91854884865
2023-10-30,North_South,12353.0,19363.0,64111000.0,645.0,AMELAG,10.4,,False,light_rain,25073.09000055161,39301.40384365586,7482.031992945306,11727.886786966727
2023-11-01,North_South,13020.0,25603.0,49150000.0,441.0,AMELAG,9.0,,False,dry,18068.632184501177,35530.81335021379,10286.48820832203,20227.723317793312
2023-11-06,North_South,10011.0,79742.0,11874000.0,461.0,AMELAG,7.3,,False,dry,14522.924857337573,115681.45779380809,32738.598760100012,260777.27922564134
2023-11-08,North_South,9012.0,64161.0,22947000.0,1180.0,AMELAG,11.2,,False,heavy_rain,33464.08031445344,238247.7648752382,15250.178882442182,108573.76023927794
2023-11-13,North_South,32179.0,47433.0,16985000.0,1253.0,AMELAG,10.5,,False,heavy_rain,126881.79625563399,187028.3179027778,73567.61267320662,108441.29935449235
2023-11-15,North_South,128260.0,151362.0,50899000.0,512.0,AMELAG,8.2,,False,light_rain,206650.70921064573,243872.3268949147,97850.18614015802,115474.81580030094
2023-11-20,North_South,64998.0,53733.0,39292000.0,936.0,AMELAG,7.9,,False,heavy_rain,191448.31388403018,158267.82747054668,64235.562078876625,53102.70250137353
2023-11-22,North_South,175246.0,136079.0,45477000.0,582.0,AMELAG,10.1,,False,light_rain,320956.963157773,249223.96282680685,149635.9608834321,116192.73433377397
2023-11-27,North_South,83532.0,78052.0,3171000.0,2162.0,AMELAG,8.1,,False,heavy_rain,568308.6586867049,531025.5641887503,1022907.3714265578,955800.9643560036
2023-11-29,North_South,108612.0,105511.0,5928000.0,588.0,AMELAG,8.3,,False,light_rain,200969.81861987113,195231.89456414783,711458.0316514985,691145.0703198657
2023-12-04,North_South,28922.0,30043.0,13453000.0,1032.0,AMELAG,9.0,,False,heavy_rain,93925.5447578342,97566.04457366755,83481.23208196962,86716.91637641289
2023-12-06,North_South,70500.0,76222.0,11862000.0,649.0,AMELAG,14.01,,False,light_rain,143982.43610662804,155668.49992793478,230786.74811828253,249518.12078115926
2023-12-11,North_South,149159.0,182738.0,22613000.0,607.0,AMELAG,9.7,,False,light_rain,284914.0444250887,349054.51665774005,256136.19336725184,313798.1328886951
2023-12-12,North_South,206022.0,121039.0,23474000.0,829.0,AMELAG,7.4,,False,light_rain,537457.1352619526,315758.87135826016,340805.1658819287,200224.81323927914
2023-12-18,North_South,144334.0,151367.0,24807000.0,602.0,AMELAG,9.0,,False,light_rain,273426.6505299907,286749.981368029,225930.08799761077,236939.04159750545
2023-12-20,North_South,169358.0,139054.0,24323000.0,735.0,AMELAG,8.8,,False,light_rain,391713.69809302996,321622.57805729983,270376.06743853306,221996.44351963163
2024-01-01,North_South,50871.0,40244.0,26150000.0,660.0,AMELAG,9.1,,False,light_rain,105654.96584464876,83583.54357987939,75540.22119780064,59759.79756411883
2024-01-03,North_South,35938.0,90258.0,23687000.0,1255.0,AMELAG,8.5,,False,heavy_rain,141929.71598299616,356455.34824401105,58914.67887389726,147963.74550059045
2024-01-08,North_South,11398.0,12385.0,23907000.0,679.0,AMELAG,8.9,,False,light_rain,24354.214706285333,26463.146967656066,18513.27454502569,20116.415620296822
2024-01-10,North_South,26781.0,15169.0,34271000.0,573.0,AMELAG,9.0,,False,light_rain,48289.98994734791,27351.885945682403,30344.478844107427,17187.386564589284
2024-01-15,North_South,240460.0,187792.0,17209000.0,516.0,AMELAG,8.8,,False,light_rain,390452.5360014662,304931.642022737,542583.8698040803,423741.62055330555
2024-01-17,North_South,187972.0,221893.0,61292000.0,509.0,AMELAG,7.0,,False,light_rain,301083.2866327041,355416.0924009459,119088.2846984049,140578.68595632943
2024-01-22,North_South,17362.0,19671.0,28117000.0,1100.0,AMELAG,11.0,,False,heavy_rain,60099.12382938517,68091.80191497729,23977.861179403575,27166.715082366532
2024-01-24,North_South,11232.0,15858.0,17916000.0,590.0,AMELAG,9.4,,False,light_rain,20853.781074785897,29442.597959753803,24344.211447118298,34370.59340530644
2024-01-29,North_South,4810.0,4623.0,12146000.0,546.0,AMELAG,14.7,,False,light_rain,8264.43983978391,7943.140411501252,15377.703045244225,14779.85887279918
2024-01-31,North_South,12791.0,14530.0,15628000.0,959.0,AMELAG,10.99,,False,heavy_rain,38601.022572425536,43849.023374039796,31781.966598809235,36102.8828614415
2024-02-05,North_South,9478.0,8870.0,41744000.0,453.0,AMELAG,14.0,,False,dry,13511.09693749544,12644.379598605672,8816.623861267597,8251.050184579404
2024-02-06,North_South,6672.0,6672.0,23444000.0,518.0,AMELAG,7.2,,False,light_rain,10875.807221112082,10875.807221112082,11051.061490745253,11051.061490745253
2024-02-12,North_South,10731.0,12133.0,18512000.0,590.0,AMELAG,7.5,,False,light_rain,19923.604408255647,22526.613762497975,22509.535015590864,25450.394962646904
2024-02-15,North_South,21816.0,13930.0,35891000.0,697.0,AMELAG,13.83,,False,light_rain,47850.18338727844,30553.4036755037,23603.110336715927,15071.109598022225
2024-02-19,North_South,13641.0,18950.0,17418000.0,705.0,AMELAG,7.7,,False,light_rain,30262.93391264273,42041.09652111866,30410.782367216645,42246.486757477855
2024-02-21,North_South,4493.0,1672.0,3642000.0,1202.0,AMELAG,11.15,,False,heavy_rain,16994.820808518285,6324.357977262981,47904.48191494249,17826.90713594121
2024-02-28,North_South,1727.0,3397.0,24098000.0,535.0,AMELAG,7.4,,False,light_rain,2907.5140571646166,5719.06499837186,2782.8577548716553,5473.866701389122
